id_regiao;descricao_regiao;valor_regiao
1;Centro;279875
2;Consolacao;488688
3;Brooklin;453237
4;Centro;400000
5;Santo Amaro;265028
6;Interlagos;453375
7;Centro;279875
8;Consolacao;488688
9;Brooklin;453237
10;Mooca;421812
11;Santo Amaro;265028
12;Interlagos;453375
13;Centro;279875
14;Consolacao;488688
15;Brooklin;453237
16;Mooca;421812
17;Santo Amaro;265028
18;Interlagos;453375
19;Centro;279875
20;Consolacao;488688
21;Brooklin;453237
22;Mooca;421812
23;Santo Amaro;265028
24;Interlagos;453375
25;Centro;279875
26;Consolacao;488688
27;Brooklin;453237
28;Mooca;421812
29;Santo Amaro;265028
30;Interlagos;453375
31;Centro;279875
32;Consolacao;488688
33;Brooklin;453237
34;Mooca;421812
35;Santo Amaro;265028
36;Interlagos;453375
37;Centro;279875
38;Consolacao;488688
39;Brooklin;453237
40;Mooca;421812
41;Santo Amaro;265028
42;Interlagos;453375
43;Centro;279875
44;Consolacao;488688
45;Brooklin;453237
46;Mooca;421812
47;Santo Amaro;265028
48;Interlagos;453375
49;Centro;279875
50;Consolacao;488688
51;Brooklin;453237
52;Mooca;421812
53;Santo Amaro;265028
54;Interlagos;453375
55;Centro;279875
56;Consolacao;488688
57;Brooklin;453237
58;Mooca;421812
60;Interlagos;453375
61;Centro;279875
62;Consolacao;488688
63;Brooklin;453237
64;Mooca;421812
65;Santo Amaro;265028
66;Interlagos;453375
67;Centro;279875
68;Consolacao;488688
69;Brooklin;453237
70;Mooca;421812
71;Santo Amaro;265028
72;Interlagos;453375
73;Centro;279875
74;Consolacao;488688
75;Brooklin;453237
76;Mooca;421812
77;Santo Amaro;265028
78;Interlagos;453375
79;Centro;279875
80;Consolacao;488688
81;Brooklin;453237
82;Mooca;421812
83;Santo Amaro;265028
84;Interlagos;453375
85;Centro;279875
86;Consolacao;488688
87;Brooklin;453237
88;Mooca;421812
89;Santo Amaro;265028
90;Interlagos;453375
91;Centro;279875
92;Consolacao;488688
93;Brooklin;453237
94;Mooca;421812
95;Santo Amaro;265028
96;Interlagos;453375
97;Centro;279875
98;Consolacao;488688
99;Brooklin;453237
100;Mooca;421812
101;Santo Amaro;265028
102;Interlagos;453375
103;Centro;279875
104;Consolacao;488688
105;Brooklin;453237
106;Mooca;421812
107;Santo Amaro;265028
108;Interlagos;453375
109;Centro;279875
110;Consolacao;488688
111;Brooklin;453237
112;Mooca;421812
113;Santo Amaro;265028
114;Interlagos;453375
115;Centro;279875
116;Consolacao;488688
117;Brooklin;453237
118;Mooca;421812
119;Santo Amaro;265028
120;Interlagos;453375
121;Centro;279875
122;Consolacao;488688
123;Brooklin;453237
124;Mooca;421812
125;Santo Amaro;265028
126;Interlagos;453375
127;Centro;279875
128;Consolacao;488688
129;Brooklin;453237
130;Mooca;421812
131;Santo Amaro;265028
132;Interlagos;453375
133;Centro;279875
134;Consolacao;488688
135;Brooklin;453237
136;Mooca;421812
137;Santo Amaro;265028
138;Interlagos;453375
139;Centro;279875
140;Consolacao;488688
141;Brooklin;453237
142;Mooca;421812
143;Santo Amaro;265028
144;Interlagos;453375
145;Centro;279875
146;Consolacao;488688
147;Brooklin;453237
148;Mooca;421812
149;Santo Amaro;265028
150;Interlagos;453375
151;Centro;279875
152;Consolacao;488688
153;Brooklin;453237
154;Mooca;421812
155;Santo Amaro;265028
156;Interlagos;453375
157;Centro;279875
158;Consolacao;488688
159;Brooklin;453237
160;Mooca;421812
161;Santo Amaro;265028
162;Interlagos;453375
163;Centro;279875
164;Consolacao;488688
165;Brooklin;453237
166;Mooca;421812
167;Santo Amaro;265028
168;Interlagos;453375
169;Centro;279875
170;Consolacao;488688
171;Brooklin;453237
172;Mooca;421812
173;Santo Amaro;265028
174;Interlagos;453375
175;Centro;279875
176;Consolacao;488688
177;Brooklin;453237
178;Mooca;421812
179;Santo Amaro;265028
180;Interlagos;453375
181;Centro;279875
182;Consolacao;488688
183;Brooklin;453237
184;Mooca;421812
185;Santo Amaro;265028
186;Interlagos;453375
187;Centro;279875
188;Consolacao;488688
189;Brooklin;453237
190;Mooca;421812
191;Santo Amaro;265028
192;Interlagos;453375
193;Centro;279875
194;Consolacao;488688
195;Brooklin;453237
196;Mooca;421812
197;Santo Amaro;265028
198;Interlagos;453375
199;Centro;279875
200;Consolacao;488688
201;Brooklin;453237
202;Mooca;421812
203;Santo Amaro;265028
204;Interlagos;453375
205;Centro;279875
206;Consolacao;488688
207;Brooklin;453237
208;Mooca;421812
209;Santo Amaro;265028
210;Interlagos;453375
211;Centro;279875
212;Consolacao;488688
213;Brooklin;453237
214;Mooca;421812
215;Santo Amaro;265028
216;Interlagos;453375
217;Centro;279875
218;Consolacao;488688
219;Brooklin;453237
220;Mooca;421812
221;Santo Amaro;265028
222;Interlagos;453375
223;Centro;279875
224;Consolacao;488688
225;Brooklin;453237
226;Mooca;421812
227;Santo Amaro;265028
228;Interlagos;453375
229;Centro;279875
230;Consolacao;488688
231;Brooklin;453237
232;Mooca;421812
233;Santo Amaro;265028
234;Interlagos;453375
235;Centro;279875
236;Consolacao;488688
237;Brooklin;453237
238;Mooca;421812
239;Santo Amaro;265028
240;Interlagos;453375
241;Centro;279875
242;Consolacao;488688
243;Brooklin;453237
244;Mooca;421812
245;Santo Amaro;265028
246;Interlagos;453375
247;Centro;279875
248;Consolacao;488688
249;Brooklin;453237
250;Mooca;421812
251;Santo Amaro;265028
252;Interlagos;453375
253;Centro;279875
254;Consolacao;488688
255;Brooklin;453237
256;Mooca;421812
257;Santo Amaro;265028
258;Interlagos;453375
259;Centro;279875
260;Consolacao;488688
261;Brooklin;453237
262;Mooca;421812
263;Santo Amaro;265028
264;Interlagos;453375
265;Centro;279875
266;Consolacao;488688
267;Brooklin;453237
268;Mooca;421812
269;Santo Amaro;265028
270;Interlagos;453375
271;Centro;279875
272;Consolacao;488688
273;Brooklin;453237
274;Mooca;421812
275;Santo Amaro;265028
276;Interlagos;453375
277;Centro;279875
278;Consolacao;488688
279;Brooklin;453237
280;Mooca;421812
281;Santo Amaro;265028
282;Interlagos;453375
283;Centro;279875
284;Consolacao;488688
285;Brooklin;453237
286;Mooca;421812
287;Santo Amaro;265028
288;Interlagos;453375
289;Centro;279875
290;Consolacao;488688
291;Brooklin;453237
292;Mooca;421812
293;Santo Amaro;265028
294;Interlagos;453375
295;Centro;279875
296;Consolacao;488688
297;Brooklin;453237
298;Mooca;421812
299;Santo Amaro;265028
300;Interlagos;453375
301;Centro;279875
302;Consolacao;488688
303;Brooklin;453237
304;Mooca;421812
305;Santo Amaro;265028
306;Interlagos;453375
307;Centro;279875
308;Consolacao;488688
309;Brooklin;453237
310;Mooca;421812
311;Santo Amaro;265028
312;Interlagos;453375
313;Centro;279875
314;Consolacao;488688
315;Brooklin;453237
316;Mooca;421812
317;Santo Amaro;265028
318;Interlagos;453375
319;Centro;279875
320;Consolacao;488688
321;Brooklin;453237
322;Mooca;421812
323;Santo Amaro;265028
324;Interlagos;453375
325;Centro;279875
326;Consolacao;488688
327;Brooklin;453237
328;Mooca;421812
329;Santo Amaro;265028
330;Interlagos;453375
331;Centro;279875
332;Consolacao;488688
333;Brooklin;453237
334;Mooca;421812
335;Santo Amaro;265028
336;Interlagos;453375
337;Centro;279875
338;Consolacao;488688
339;Brooklin;453237
340;Mooca;421812
341;Santo Amaro;265028
342;Interlagos;453375
343;Centro;279875
344;Consolacao;488688
345;Brooklin;453237
346;Mooca;421812
347;Santo Amaro;265028
348;Interlagos;453375
349;Centro;279875
350;Consolacao;488688
351;Brooklin;453237
352;Mooca;421812
353;Santo Amaro;265028
354;Interlagos;453375
355;Centro;279875
356;Consolacao;488688
357;Brooklin;453237
358;Mooca;421812
359;Santo Amaro;265028
360;Interlagos;453375
361;Centro;279875
362;Consolacao;488688
363;Brooklin;453237
364;Mooca;421812
365;Santo Amaro;265028
366;Interlagos;453375
367;Centro;279875
368;Consolacao;488688
369;Brooklin;453237
370;Mooca;421812
371;Santo Amaro;265028
372;Interlagos;453375
373;Centro;279875
374;Consolacao;488688
375;Brooklin;453237
376;Mooca;421812
377;Santo Amaro;265028
378;Interlagos;453375
379;Centro;279875
380;Consolacao;488688
381;Brooklin;453237
382;Mooca;421812
383;Santo Amaro;265028
384;Interlagos;453375
385;Centro;279875
386;Consolacao;488688
387;Brooklin;453237
388;Mooca;421812
389;Santo Amaro;265028
390;Interlagos;453375
391;Centro;279875
392;Consolacao;488688
393;Brooklin;453237
394;Mooca;421812
395;Santo Amaro;265028
396;Interlagos;453375
397;Centro;279875
398;Consolacao;488688
399;Brooklin;453237
400;Mooca;421812
401;Santo Amaro;265028
402;Interlagos;453375
403;Centro;279875
404;Consolacao;488688
405;Brooklin;453237
406;Mooca;421812
407;Santo Amaro;265028
408;Interlagos;453375
409;Centro;279875
410;Consolacao;488688
411;Brooklin;453237
412;Mooca;421812
413;Santo Amaro;265028
414;Interlagos;453375
415;Centro;279875
416;Consolacao;488688
417;Brooklin;453237
418;Mooca;421812
419;Santo Amaro;265028
420;Interlagos;453375
421;Centro;279875
422;Consolacao;488688
423;Brooklin;453237
424;Mooca;421812
425;Santo Amaro;265028
426;Interlagos;453375
427;Centro;279875
428;Consolacao;488688
429;Brooklin;453237
430;Mooca;421812
431;Santo Amaro;265028
432;Interlagos;453375
433;Centro;279875
434;Consolacao;488688
435;Brooklin;453237
436;Mooca;421812
437;Santo Amaro;265028
438;Interlagos;453375
439;Centro;279875
440;Consolacao;488688
441;Brooklin;453237
442;Mooca;421812
443;Santo Amaro;265028
444;Interlagos;453375
445;Centro;279875
446;Consolacao;488688
447;Brooklin;453237
448;Mooca;421812
449;Santo Amaro;265028
450;Interlagos;453375
451;Centro;279875
452;Consolacao;488688
453;Brooklin;453237
454;Mooca;421812
455;Santo Amaro;265028
456;Interlagos;453375
457;Centro;279875
458;Consolacao;488688
459;Brooklin;453237
460;Mooca;421812
461;Santo Amaro;265028
462;Interlagos;453375
463;Centro;279875
464;Consolacao;488688
465;Brooklin;453237
466;Mooca;421812
467;Santo Amaro;265028
468;Interlagos;453375
469;Centro;279875
470;Consolacao;488688
471;Brooklin;453237
472;Mooca;421812
473;Santo Amaro;265028
474;Interlagos;453375
475;Centro;279875
476;Consolacao;488688
477;Brooklin;453237
478;Mooca;421812
479;Santo Amaro;265028
480;Interlagos;453375
481;Centro;279875
482;Consolacao;488688
483;Brooklin;453237
484;Mooca;421812
485;Santo Amaro;265028
486;Interlagos;453375
487;Centro;276375
488;Consolacao;488688
489;Brooklin;453237
490;Mooca;421812
491;Santo Amaro;265028
492;Interlagos;453375
493;Centro;279875
494;Consolacao;488688
495;Brooklin;453237
496;Mooca;421812
497;Santo Amaro;265028
498;Interlagos;453375
499;Centro;279875
500;Consolacao;530000
501;Brooklin;453237
502;Mooca;421812
503;Santo Amaro;265028
504;Interlagos;411067
505;Centro;279875
506;Consolacao;530000
507;Brooklin;453237
508;Mooca;449500
509;Santo Amaro;298528
510;Interlagos;453375
511;Centro;279875
512;Consolacao;530000
513;Brooklin;453237
514;Mooca;449500
515;Santo Amaro;265028
516;Interlagos;453375
517;Centro;276375
518;Consolacao;530000
519;Brooklin;453237
520;Mooca;449500
521;Santo Amaro;298528
522;Interlagos;411067
523;Centro;279875
524;Consolacao;530000
525;Brooklin;342907
526;Mooca;449500
527;Santo Amaro;265028
528;Interlagos;453375
529;Centro;279875
530;Consolacao;530000
531;Brooklin;453237
532;Mooca;449500
533;Santo Amaro;298528
534;Interlagos;411067
535;Centro;276375
536;Consolacao;530000
537;Brooklin;342907
538;Mooca;449500
539;Santo Amaro;298528
540;Interlagos;411067
541;Centro;279875
542;Consolacao;530000
543;Brooklin;453237
544;Mooca;449500
545;Santo Amaro;298528
546;Interlagos;411067
547;Centro;279875
548;Consolacao;530000
549;Brooklin;342907
550;Mooca;449500
551;Santo Amaro;298528
552;Interlagos;411067
553;Centro;279875
554;Consolacao;530000
555;Brooklin;342907
556;Mooca;449500
557;Santo Amaro;298528
558;Interlagos;411067
559;Centro;276375
560;Consolacao;530000
561;Brooklin;453237
562;Mooca;449500
563;Santo Amaro;298528
564;Interlagos;411067
565;Centro;276375
566;Consolacao;530000
567;Brooklin;342907
568;Mooca;449500
569;Santo Amaro;298528
570;Interlagos;411067
571;Centro;279875
572;Consolacao;530000
573;Brooklin;342907
574;Mooca;449500
575;Santo Amaro;298528
576;Interlagos;411067
577;Centro;279875
578;Consolacao;530000
579;Brooklin;342907
580;Mooca;449500
581;Santo Amaro;298528
582;Interlagos;411067
583;Centro;276375
584;Consolacao;530000
585;Brooklin;342907
586;Mooca;449500
587;Santo Amaro;298528
588;Interlagos;411067
589;Centro;279875
590;Consolacao;530000
591;Brooklin;342907
592;Mooca;449500
593;Santo Amaro;298528
594;Interlagos;411067
595;Centro;276375
596;Consolacao;530000
597;Brooklin;342907
598;Mooca;449500
599;Santo Amaro;298528
600;Interlagos;411067
601;Centro;276375
602;Consolacao;530000
603;Brooklin;342907
604;Mooca;449500
605;Santo Amaro;298528
606;Interlagos;411067
607;Centro;276375
608;Consolacao;530000
609;Brooklin;342907
610;Mooca;449500
611;Santo Amaro;298528
612;Interlagos;411067
613;Centro;276375
614;Consolacao;530000
615;Brooklin;342907
616;Mooca;449500
617;Santo Amaro;298528
618;Interlagos;411067
619;Centro;276375
620;Consolacao;530000
621;Brooklin;342907
622;Mooca;449500
623;Santo Amaro;298528
624;Interlagos;411067
625;Centro;276375
626;Consolacao;530000
627;Brooklin;342907
628;Mooca;449500
629;Santo Amaro;298528
630;Interlagos;411067
631;Centro;276375
632;Consolacao;530000
633;Brooklin;342907
634;Mooca;449500
635;Santo Amaro;298528
636;Interlagos;411067
637;Centro;279875
638;Consolacao;530000
639;Brooklin;342907
640;Mooca;449500
641;Santo Amaro;298528
642;Interlagos;411067
643;Centro;276375
644;Consolacao;530000
645;Brooklin;342907
646;Mooca;449500
647;Santo Amaro;298528
648;Interlagos;411067
649;Centro;276375
650;Consolacao;530000
651;Brooklin;342907
652;Mooca;449500
653;Santo Amaro;298528
654;Interlagos;411067
655;Centro;276375
656;Consolacao;530000
657;Brooklin;342907
658;Mooca;449500
659;Santo Amaro;298528
660;Interlagos;411067
661;Centro;276375
662;Consolacao;530000
663;Brooklin;342907
664;Mooca;449500
665;Santo Amaro;298528
666;Interlagos;411067
667;Centro;276375
668;Consolacao;530000
669;Brooklin;342907
670;Mooca;449500
671;Santo Amaro;298528
672;Interlagos;411067
673;Centro;276375
674;Consolacao;530000
675;Brooklin;342907
676;Mooca;449500
677;Santo Amaro;298528
678;Interlagos;411067
679;Centro;276375
680;Consolacao;530000
681;Brooklin;342907
682;Mooca;449500
683;Santo Amaro;298528
684;Interlagos;411067
685;Centro;276375
686;Consolacao;530000
687;Brooklin;342907
688;Mooca;449500
689;Santo Amaro;298528
690;Interlagos;411067
691;Centro;276375
692;Consolacao;530000
693;Brooklin;342907
694;Mooca;449500
695;Santo Amaro;298528
696;Interlagos;411067
697;Centro;276375
698;Consolacao;530000
699;Brooklin;342907
700;Mooca;449500
701;Santo Amaro;298528
702;Interlagos;411067
703;Centro;276375
704;Consolacao;530000
705;Brooklin;342907
706;Mooca;449500
707;Santo Amaro;298528
708;Interlagos;411067
709;Centro;276375
710;Consolacao;530000
711;Brooklin;342907
712;Mooca;449500
713;Santo Amaro;298528
714;Interlagos;411067
715;Centro;276375
716;Consolacao;530000
717;Brooklin;342907
718;Mooca;449500
719;Santo Amaro;298528
720;Interlagos;411067
721;Centro;276375
722;Consolacao;530000
723;Brooklin;342907
724;Mooca;449500
725;Santo Amaro;298528
726;Interlagos;411067
727;Centro;276375
728;Consolacao;530000
729;Brooklin;342907
730;Mooca;449500
731;Santo Amaro;298528
732;Interlagos;411067
733;Centro;279875
734;Consolacao;530000
735;Brooklin;342907
736;Mooca;449500
737;Santo Amaro;298528
738;Interlagos;411067
739;Centro;276375
740;Consolacao;530000
741;Brooklin;342907
742;Mooca;449500
743;Santo Amaro;298528
744;Interlagos;411067
745;Centro;276375
746;Consolacao;530000
747;Brooklin;342907
748;Mooca;449500
749;Santo Amaro;298528
750;Interlagos;411067
751;Centro;276375
752;Consolacao;530000
753;Brooklin;342907
754;Mooca;449500
755;Santo Amaro;298528
756;Interlagos;411067
757;Centro;276375
758;Consolacao;530000
759;Brooklin;342907
760;Mooca;449500
761;Santo Amaro;298528
762;Interlagos;411067
763;Centro;276375
764;Consolacao;530000
765;Brooklin;342907
766;Mooca;449500
767;Santo Amaro;298528
768;Interlagos;411067
769;Centro;276375
770;Consolacao;530000
771;Brooklin;342907
772;Mooca;449500
773;Santo Amaro;298528
774;Interlagos;411067
775;Centro;310812
776;Consolacao;321473
777;Brooklin;382159
778;Mooca;477600
779;Santo Amaro;306469
780;Interlagos;410875
781;Centro;310812
782;Consolacao;321473
783;Brooklin;382159
784;Mooca;477600
785;Santo Amaro;306469
786;Interlagos;410875
787;Centro;310812
788;Consolacao;321473
789;Brooklin;382159
790;Mooca;477600
791;Santo Amaro;306469
792;Interlagos;410875
793;Centro;310812
794;Consolacao;321473
795;Brooklin;382159
796;Mooca;477600
797;Santo Amaro;306469
798;Interlagos;410875
799;Centro;310812
800;Consolacao;321473
801;Brooklin;382159
802;Mooca;477600
803;Santo Amaro;306469
804;Interlagos;410875
805;Centro;310812
806;Consolacao;321473
807;Brooklin;382159
808;Mooca;477600
809;Santo Amaro;306469
810;Interlagos;410875
811;Centro;310812
812;Consolacao;321473
813;Brooklin;382159
814;Mooca;477600
815;Santo Amaro;306469
816;Interlagos;410875
817;Centro;310812
818;Consolacao;321473
819;Brooklin;382159
820;Mooca;477600
821;Santo Amaro;306469
822;Interlagos;410875
823;Centro;310812
824;Consolacao;321473
825;Brooklin;382159
826;Mooca;477600
827;Santo Amaro;306469
828;Interlagos;410875
829;Centro;310812
830;Consolacao;321473
831;Brooklin;382159
832;Mooca;477600
833;Santo Amaro;306469
834;Interlagos;410875
835;Centro;310812
836;Consolacao;321473
837;Brooklin;382159
838;Mooca;477600
839;Santo Amaro;306469
840;Interlagos;410875
841;Centro;310812
842;Consolacao;321473
843;Brooklin;382159
844;Mooca;477600
845;Santo Amaro;306469
846;Interlagos;410875
847;Centro;310812
848;Consolacao;321473
849;Brooklin;382159
850;Mooca;477600
851;Santo Amaro;306469
852;Interlagos;410875
853;Centro;310812
854;Consolacao;321473
855;Brooklin;382159
856;Mooca;477600
857;Santo Amaro;306469
858;Interlagos;410875
859;Centro;310812
860;Consolacao;321473
861;Brooklin;382159
862;Mooca;477600
863;Santo Amaro;306469
864;Interlagos;410875
865;Centro;310812
866;Consolacao;321473
867;Brooklin;382159
868;Mooca;477600
869;Santo Amaro;306469
870;Interlagos;410875
871;Centro;310812
872;Consolacao;321473
873;Brooklin;382159
874;Mooca;477600
875;Santo Amaro;306469
876;Interlagos;410875
877;Centro;310812
878;Consolacao;321473
879;Brooklin;382159
880;Mooca;477600
881;Santo Amaro;306469
882;Interlagos;410875
883;Centro;310812
884;Consolacao;321473
885;Brooklin;382159
886;Mooca;477600
887;Santo Amaro;306469
888;Interlagos;410875
889;Centro;310812
890;Consolacao;321473
891;Brooklin;382159
892;Mooca;477600
893;Santo Amaro;306469
894;Interlagos;410875
895;Centro;310812
896;Consolacao;321473
897;Brooklin;382159
898;Mooca;477600
899;Santo Amaro;306469
900;Interlagos;410875
901;Centro;310812
902;Consolacao;321473
903;Brooklin;382159
904;Mooca;477600
905;Santo Amaro;306469
906;Interlagos;410875
907;Centro;310812
908;Consolacao;321473
909;Brooklin;382159
910;Mooca;477600
911;Santo Amaro;306469
912;Interlagos;410875
913;Centro;310812
914;Consolacao;321473
915;Brooklin;382159
916;Mooca;477600
917;Santo Amaro;306469
918;Interlagos;410875
919;Centro;310812
920;Consolacao;321473
921;Brooklin;382159
922;Mooca;477600
923;Santo Amaro;306469
924;Interlagos;410875
925;Centro;310812
926;Consolacao;321473
927;Brooklin;382159
928;Mooca;477600
929;Santo Amaro;306469
930;Interlagos;410875
931;Centro;310812
932;Consolacao;321473
933;Brooklin;382159
934;Mooca;477600
935;Santo Amaro;306469
936;Interlagos;410875
937;Centro;310812
938;Consolacao;321473
939;Brooklin;382159
940;Mooca;477600
941;Santo Amaro;306469
942;Interlagos;410875
943;Centro;310812
944;Consolacao;321473
945;Brooklin;382159
946;Mooca;477600
947;Santo Amaro;306469
948;Interlagos;410875
949;Centro;310812
950;Consolacao;321473
951;Brooklin;382159
952;Mooca;477600
953;Santo Amaro;306469
954;Interlagos;410875
955;Centro;310812
956;Consolacao;321473
957;Brooklin;382159
958;Mooca;477600
959;Santo Amaro;306469
960;Interlagos;410875
961;Centro;310812
962;Consolacao;321473
963;Brooklin;382159
964;Mooca;477600
965;Santo Amaro;306469
966;Interlagos;410875
967;Centro;310812
968;Consolacao;321473
969;Brooklin;382159
970;Mooca;477600
971;Santo Amaro;306469
972;Interlagos;410875
973;Centro;310812
974;Consolacao;321473
975;Brooklin;382159
976;Mooca;477600
977;Santo Amaro;306469
978;Interlagos;410875
979;Centro;310812
980;Consolacao;321473
981;Brooklin;382159
982;Mooca;477600
983;Santo Amaro;306469
984;Interlagos;410875
985;Centro;310812
986;Consolacao;321473
987;Brooklin;382159
988;Mooca;477600
989;Santo Amaro;306469
990;Interlagos;410875
991;Centro;310812
992;Consolacao;321473
993;Brooklin;382159
994;Mooca;477600
995;Santo Amaro;306469
996;Interlagos;410875
997;Centro;310812
998;Consolacao;321473
999;Brooklin;382159
1000;Mooca;477600
1001;Santo Amaro;306469
1002;Interlagos;410875
1003;Centro;310812
1004;Consolacao;321473
1005;Brooklin;382159
1006;Mooca;477600
1007;Santo Amaro;306469
1008;Interlagos;410875
1009;Centro;310812
1010;Consolacao;321473
1011;Brooklin;382159
1012;Mooca;477600
1013;Santo Amaro;306469
1014;Interlagos;410875
1015;Centro;310812
1016;Consolacao;321473
1017;Brooklin;382159
1018;Mooca;477600
1019;Santo Amaro;306469
1020;Interlagos;410875
1021;Centro;310812
1022;Consolacao;321473
1023;Brooklin;382159
1024;Mooca;477600
1025;Santo Amaro;306469
1026;Interlagos;410875
1027;Centro;310812
1028;Consolacao;321473
1029;Brooklin;382159
1030;Mooca;477600
1031;Santo Amaro;306469
1032;Interlagos;410875
1033;Centro;310812
1034;Consolacao;321473
1035;Brooklin;382159
1036;Mooca;477600
1037;Santo Amaro;306469
1038;Interlagos;410875
1039;Centro;310812
1040;Consolacao;321473
1041;Brooklin;382159
1042;Mooca;477600
1043;Santo Amaro;306469
1044;Interlagos;410875
1045;Centro;310812
1046;Consolacao;321473
1047;Brooklin;382159
1048;Mooca;477600
1049;Santo Amaro;306469
1050;Interlagos;410875
1051;Centro;310812
1052;Consolacao;321473
1053;Brooklin;382159
1054;Mooca;477600
1055;Santo Amaro;306469
1056;Interlagos;410875
1057;Centro;310812
1058;Consolacao;321473
1059;Brooklin;382159
1060;Mooca;477600
1061;Santo Amaro;306469
1062;Interlagos;410875
1063;Centro;310812
1064;Consolacao;321473
1065;Brooklin;382159
1066;Mooca;477600
1067;Santo Amaro;306469
1068;Interlagos;410875
1069;Centro;310812
1070;Consolacao;321473
1071;Brooklin;382159
1072;Mooca;477600
1073;Santo Amaro;306469
1074;Interlagos;410875
1075;Centro;310812
1076;Consolacao;321473
1077;Brooklin;382159
1078;Mooca;477600
1079;Santo Amaro;306469
1080;Interlagos;410875
1081;Centro;310812
1082;Consolacao;321473
1083;Brooklin;382159
1084;Mooca;477600
1085;Santo Amaro;306469
1086;Interlagos;410875
1087;Centro;310812
1088;Consolacao;321473
1089;Brooklin;382159
1090;Mooca;477600
1091;Santo Amaro;306469
1092;Interlagos;410875
1093;Centro;310812
1094;Consolacao;321473
1095;Brooklin;382159
1096;Mooca;477600
1097;Santo Amaro;306469
1098;Interlagos;410875
1099;Centro;310812
1100;Consolacao;321473
1101;Brooklin;382159
1102;Mooca;477600
1103;Santo Amaro;306469
1104;Interlagos;410875
1105;Centro;310812
1106;Consolacao;321473
1107;Brooklin;382159
1108;Mooca;477600
1109;Santo Amaro;306469
1110;Interlagos;410875
1111;Centro;310812
1112;Consolacao;321473
1113;Brooklin;382159
1114;Mooca;477600
1115;Santo Amaro;306469
1116;Interlagos;410875
1117;Centro;310812
1118;Consolacao;321473
1119;Brooklin;382159
1120;Mooca;477600
1121;Santo Amaro;306469
1122;Interlagos;410875
1123;Centro;310812
1124;Consolacao;321473
1125;Brooklin;382159
1126;Mooca;477600
1127;Santo Amaro;306469
1128;Interlagos;410875
1129;Centro;310812
1130;Consolacao;321473
1131;Brooklin;382159
1132;Mooca;477600
1133;Santo Amaro;306469
1134;Interlagos;410875
1135;Centro;310812
1136;Consolacao;321473
1137;Brooklin;382159
1138;Mooca;477600
1139;Santo Amaro;306469
1140;Interlagos;410875
1141;Centro;310812
1142;Consolacao;321473
1143;Brooklin;382159
1144;Mooca;477600
1145;Santo Amaro;306469
1146;Interlagos;410875
1147;Centro;310812
1148;Consolacao;321473
1149;Brooklin;382159
1150;Mooca;477600
1151;Santo Amaro;306469
1152;Interlagos;410875
1153;Centro;310812
1154;Consolacao;321473
1155;Brooklin;382159
1156;Mooca;477600
1157;Santo Amaro;306469
1158;Interlagos;410875
1159;Centro;310812
1160;Consolacao;321473
1161;Brooklin;382159
1162;Mooca;477600
1163;Santo Amaro;306469
1164;Interlagos;410875
1165;Centro;310812
1166;Consolacao;321473
1167;Brooklin;382159
1168;Mooca;477600
1169;Santo Amaro;306469
1170;Interlagos;410875
1171;Centro;310812
1172;Consolacao;321473
1173;Brooklin;382159
1174;Mooca;477600
1175;Santo Amaro;306469
1176;Interlagos;410875
1177;Centro;310812
1178;Consolacao;321473
1179;Brooklin;382159
1180;Mooca;477600
1181;Santo Amaro;306469
1182;Interlagos;410875
1183;Centro;310812
1184;Consolacao;321473
1185;Brooklin;382159
1186;Mooca;477600
1187;Santo Amaro;306469
1188;Interlagos;410875
1189;Centro;310812
1190;Consolacao;321473
1191;Brooklin;382159
1192;Mooca;477600
1193;Santo Amaro;306469
1194;Interlagos;410875
1195;Centro;310812
1196;Consolacao;321473
1197;Brooklin;382159
1198;Mooca;477600
1199;Santo Amaro;306469
1200;Interlagos;410875
1201;Centro;310812
1202;Consolacao;321473
1203;Brooklin;382159
1204;Mooca;477600
1205;Santo Amaro;306469
1206;Interlagos;410875
1207;Centro;310812
1208;Consolacao;321473
1209;Brooklin;382159
1210;Mooca;477600
1211;Santo Amaro;306469
1212;Interlagos;410875
1213;Centro;310812
1214;Consolacao;321473
1215;Brooklin;382159
1216;Mooca;477600
1217;Santo Amaro;306469
1218;Interlagos;410875
1219;Centro;310812
1220;Consolacao;321473
1221;Brooklin;382159
1222;Mooca;477600
1223;Santo Amaro;306469
1224;Interlagos;410875
1225;Centro;310812
1226;Consolacao;321473
1227;Brooklin;382159
1228;Mooca;477600
1229;Santo Amaro;306469
1230;Interlagos;410875
1231;Centro;310812
1232;Consolacao;321473
1233;Brooklin;382159
1234;Mooca;477600
1235;Santo Amaro;306469
1236;Interlagos;410875
1237;Centro;310812
1238;Consolacao;321473
1239;Brooklin;382159
1240;Mooca;477600
1241;Santo Amaro;306469
1242;Interlagos;410875
1243;Centro;310812
1244;Consolacao;321473
1245;Brooklin;382159
1246;Mooca;477600
1247;Santo Amaro;306469
1248;Interlagos;410875
1249;Centro;310812
1250;Consolacao;321473
1251;Brooklin;382159
1252;Mooca;477600
1253;Santo Amaro;306469
1254;Interlagos;410875
1255;Centro;310812
1256;Consolacao;321473
1257;Brooklin;382159
1258;Mooca;477600
1259;Santo Amaro;306469
1260;Interlagos;410875
1261;Centro;310812
1262;Consolacao;321473
1263;Brooklin;382159
1264;Mooca;477600
1265;Santo Amaro;306469
1266;Interlagos;410875
1267;Centro;310812
1268;Consolacao;321473
1269;Brooklin;382159
1270;Mooca;477600
1271;Santo Amaro;306469
1272;Interlagos;410875
1273;Centro;310812
1274;Consolacao;321473
1275;Brooklin;382159
1276;Mooca;477600
1277;Santo Amaro;306469
1278;Interlagos;410875
1279;Centro;310812
1280;Consolacao;303536
1281;Brooklin;251891
1282;Mooca;493062
1283;Santo Amaro;279666
1284;Interlagos;381562
1285;Centro;310812
1286;Consolacao;303536
1287;Brooklin;251891
1288;Mooca;477600
1289;Santo Amaro;306469
1290;Interlagos;410875
1291;Centro;310812
1292;Consolacao;321473
1293;Brooklin;251891
1294;Mooca;493062
1295;Santo Amaro;306469
1296;Interlagos;410875
1297;Centro;310812
1298;Consolacao;321473
1299;Brooklin;251891
1300;Mooca;493062
1301;Santo Amaro;279666
1302;Interlagos;381562
1303;Centro;310812
1304;Consolacao;303536
1305;Brooklin;251891
1306;Mooca;477600
1307;Santo Amaro;279666
1308;Interlagos;381562
1309;Centro;310812
1310;Consolacao;303536
1311;Brooklin;251891
1312;Mooca;493062
1313;Santo Amaro;279666
1314;Interlagos;410875
1315;Centro;310812
1316;Consolacao;303536
1317;Brooklin;251891
1318;Mooca;493062
1319;Santo Amaro;279666
1320;Interlagos;381562
1321;Centro;310812
1322;Consolacao;303536
1323;Brooklin;251891
1324;Mooca;477600
1325;Santo Amaro;279666
1326;Interlagos;381562
1327;Centro;310812
1328;Consolacao;303536
1329;Brooklin;251891
1330;Mooca;493062
1331;Santo Amaro;279666
1332;Interlagos;381562
1333;Centro;310812
1334;Consolacao;303536
1335;Brooklin;251891
1336;Mooca;493062
1337;Santo Amaro;279666
1338;Interlagos;381562
1339;Centro;310812
1340;Consolacao;303536
1341;Brooklin;251891
1342;Mooca;493062
1343;Santo Amaro;279666
1344;Interlagos;381562
1345;Centro;310812
1346;Consolacao;303536
1347;Brooklin;251891
1348;Mooca;493062
1349;Santo Amaro;279666
1350;Interlagos;381562
1351;Centro;310812
1352;Consolacao;303536
1353;Brooklin;251891
1354;Mooca;493062
1355;Santo Amaro;279666
1356;Interlagos;381562
1357;Centro;310812
1358;Consolacao;303536
1359;Brooklin;251891
1360;Mooca;493062
1361;Santo Amaro;279666
1362;Interlagos;381562
1363;Centro;310812
1364;Consolacao;303536
1365;Brooklin;251891
1366;Mooca;493062
1367;Santo Amaro;279666
1368;Interlagos;381562
1369;Centro;310812
1370;Consolacao;303536
1371;Brooklin;251891
1372;Mooca;493062
1373;Santo Amaro;279666
1374;Interlagos;381562
1375;Centro;310812
1376;Consolacao;303536
1377;Brooklin;251891
1378;Mooca;493062
1379;Santo Amaro;279666
1380;Interlagos;381562
1381;Centro;310812
1382;Consolacao;303536
1383;Brooklin;251891
1384;Mooca;493062
1385;Santo Amaro;279666
1386;Interlagos;381562
1387;Centro;310812
1388;Consolacao;303536
1389;Brooklin;251891
1390;Mooca;493062
1391;Santo Amaro;279666
1392;Interlagos;381562
1393;Centro;310812
1394;Consolacao;303536
1395;Brooklin;251891
1396;Mooca;493062
1397;Santo Amaro;279666
1398;Interlagos;381562
1399;Centro;310812
1400;Consolacao;303536
1401;Brooklin;251891
1402;Mooca;493062
1403;Santo Amaro;279666
1404;Interlagos;381562
1405;Centro;310812
1406;Consolacao;303536
1407;Brooklin;251891
1408;Mooca;493062
1409;Santo Amaro;279666
1410;Interlagos;381562
1411;Centro;310812
1412;Consolacao;303536
1413;Brooklin;251891
1414;Mooca;493062
1415;Santo Amaro;279666
1416;Interlagos;381562
1417;Centro;270062
1418;Consolacao;291504
1419;Brooklin;254388
1420;Mooca;415500
1421;Santo Amaro;222953
1422;Interlagos;364688
1423;Centro;270062
1424;Consolacao;291504
1425;Brooklin;254388
1426;Mooca;415500
1427;Santo Amaro;222953
1428;Interlagos;364688
1429;Centro;270062
1430;Consolacao;291504
1431;Brooklin;254388
1432;Mooca;415500
1433;Santo Amaro;222953
1434;Interlagos;364688
1435;Centro;270062
1436;Consolacao;291504
1437;Brooklin;254388
1438;Mooca;415500
1439;Santo Amaro;222953
1440;Interlagos;364688
1441;Centro;270062
1442;Consolacao;291504
1443;Brooklin;254388
1444;Mooca;415500
1445;Santo Amaro;222953
1446;Interlagos;364688
1447;Centro;270062
1448;Consolacao;291504
1449;Brooklin;254388
1450;Mooca;415500
1451;Santo Amaro;222953
1452;Interlagos;364688
1453;Centro;270062
1454;Consolacao;291504
1455;Brooklin;254388
1456;Mooca;415500
1457;Santo Amaro;222953
1458;Interlagos;364688
1459;Centro;270062
1460;Consolacao;291504
1461;Brooklin;254388
1462;Mooca;415500
1463;Santo Amaro;222953
1464;Interlagos;364688
1465;Centro;270062
1466;Consolacao;291504
1467;Brooklin;254388
1468;Mooca;415500
1469;Santo Amaro;222953
1470;Interlagos;364688
1471;Centro;270062
1472;Consolacao;291504
1473;Brooklin;254388
1474;Mooca;415500
1475;Santo Amaro;222953
1476;Interlagos;364688
1477;Centro;270062
1478;Consolacao;291504
1479;Brooklin;254388
1480;Mooca;415500
1481;Santo Amaro;222953
1482;Interlagos;364688
1483;Centro;270062
1484;Consolacao;291504
1485;Brooklin;254388
1486;Mooca;415500
1487;Santo Amaro;222953
1488;Interlagos;364688
1489;Centro;270062
1490;Consolacao;291504
1491;Brooklin;254388
1492;Mooca;415500
1493;Santo Amaro;222953
1494;Interlagos;364688
1495;Centro;270062
1496;Consolacao;291504
1497;Brooklin;254388
1498;Mooca;415500
1499;Santo Amaro;222953
1500;Interlagos;364688
1501;Centro;270062
1502;Consolacao;291504
1503;Brooklin;254388
1504;Mooca;415500
1505;Santo Amaro;222953
1506;Interlagos;364688
1507;Centro;270062
1508;Consolacao;291504
1509;Brooklin;254388
1510;Mooca;415500
1511;Santo Amaro;222953
1512;Interlagos;364688
1513;Centro;270062
1514;Consolacao;291504
1515;Brooklin;254388
1516;Mooca;415500
1517;Santo Amaro;222953
1518;Interlagos;364688
1519;Centro;270062
1520;Consolacao;291504
1521;Brooklin;254388
1522;Mooca;415500
1523;Santo Amaro;222953
1524;Interlagos;364688
1525;Centro;270062
1526;Consolacao;291504
1527;Brooklin;254388
1528;Mooca;415500
1529;Santo Amaro;222953
1530;Interlagos;364688
1531;Centro;270062
1532;Consolacao;291504
1533;Brooklin;254388
1534;Mooca;415500
1535;Santo Amaro;222953
1536;Interlagos;364688
1537;Centro;270062
1538;Consolacao;291504
1539;Brooklin;254388
1540;Mooca;415500
1541;Santo Amaro;222953
1542;Interlagos;364688
1543;Centro;270062
1544;Consolacao;291504
1545;Brooklin;254388
1546;Mooca;415500
1547;Santo Amaro;222953
1548;Interlagos;364688
1549;Centro;270062
1550;Consolacao;291504
1551;Brooklin;254388
1552;Mooca;415500
1553;Santo Amaro;222953
1554;Interlagos;364688
1555;Centro;270062
1556;Consolacao;291504
1557;Brooklin;254388
1558;Mooca;415500
1559;Santo Amaro;222953
1560;Interlagos;364688
1561;Centro;270062
1562;Consolacao;291504
1563;Brooklin;254388
1564;Mooca;415500
1565;Santo Amaro;222953
1566;Interlagos;364688
1567;Centro;270062
1568;Consolacao;291504
1569;Brooklin;254388
1570;Mooca;415500
1571;Santo Amaro;222953
1572;Interlagos;364688
1573;Centro;270062
1574;Consolacao;291504
1575;Brooklin;254388
1576;Mooca;415500
1577;Santo Amaro;222953
1578;Interlagos;364688
1579;Centro;270062
1580;Consolacao;291504
1581;Brooklin;254388
1582;Mooca;415500
1583;Santo Amaro;222953
1584;Interlagos;364688
1585;Centro;270062
1586;Consolacao;291504
1587;Brooklin;254388
1588;Mooca;415500
1589;Santo Amaro;222953
1590;Interlagos;364688
1591;Centro;270062
1592;Consolacao;291504
1593;Brooklin;254388
1594;Mooca;415500
1595;Santo Amaro;222953
1596;Interlagos;364688
1597;Centro;270062
1598;Consolacao;291504
1599;Brooklin;254388
1600;Mooca;415500
1601;Santo Amaro;222953
1602;Interlagos;364688
1603;Centro;270062
1604;Consolacao;291504
1605;Brooklin;254388
1606;Mooca;415500
1607;Santo Amaro;222953
1608;Interlagos;364688
1609;Centro;270062
1610;Consolacao;291504
1611;Brooklin;254388
1612;Mooca;415500
1613;Santo Amaro;222953
1614;Interlagos;364688
1615;Centro;270062
1616;Consolacao;291504
1617;Brooklin;254388
1618;Mooca;415500
1619;Santo Amaro;222953
1620;Interlagos;364688
1621;Centro;270062
1622;Consolacao;291504
1623;Brooklin;254388
1624;Mooca;415500
1625;Santo Amaro;222953
1626;Interlagos;364688
1627;Centro;270062
1628;Consolacao;291504
1629;Brooklin;254388
1630;Mooca;415500
1631;Santo Amaro;222953
1632;Interlagos;364688
1633;Centro;270062
1634;Consolacao;291504
1635;Brooklin;254388
1636;Mooca;415500
1637;Santo Amaro;222953
1638;Interlagos;364688
1639;Centro;270062
1640;Consolacao;291504
1641;Brooklin;254388
1642;Mooca;415500
1643;Santo Amaro;222953
1644;Interlagos;364688
1645;Centro;270062
1646;Consolacao;291504
1647;Brooklin;254388
1648;Mooca;415500
1649;Santo Amaro;222953
1650;Interlagos;364688
1651;Centro;270062
1652;Consolacao;291504
1653;Brooklin;254388
1654;Mooca;415500
1655;Santo Amaro;222953
1656;Interlagos;364688
1657;Centro;270062
1658;Consolacao;291504
1659;Brooklin;254388
1660;Mooca;415500
1661;Santo Amaro;222953
1662;Interlagos;364688
1663;Centro;270062
1664;Consolacao;291504
1665;Brooklin;254388
1666;Mooca;415500
1667;Santo Amaro;222953
1668;Interlagos;364688
1669;Centro;270062
1670;Consolacao;291504
1671;Brooklin;254388
1672;Mooca;415500
1673;Santo Amaro;222953
1674;Interlagos;364688
1675;Centro;270062
1676;Consolacao;291504
1677;Brooklin;254388
1678;Mooca;415500
1679;Santo Amaro;222953
1680;Interlagos;364688
1681;Centro;270062
1682;Consolacao;291504
1683;Brooklin;254388
1684;Mooca;415500
1685;Santo Amaro;222953
1686;Interlagos;364688
1687;Centro;270062
1688;Consolacao;291504
1689;Brooklin;254388
1690;Mooca;415500
1691;Santo Amaro;222953
1692;Interlagos;364688
1693;Centro;270062
1694;Consolacao;291504
1695;Brooklin;254388
1696;Mooca;415500
1697;Santo Amaro;222953
1698;Interlagos;364688
1699;Centro;270062
1700;Consolacao;291504
1701;Brooklin;254388
1702;Mooca;415500
1703;Santo Amaro;222953
1704;Interlagos;364688
1705;Centro;270062
1706;Consolacao;291504
1707;Brooklin;254388
1708;Mooca;415500
1709;Santo Amaro;222953
1710;Interlagos;364688
1711;Centro;270062
1712;Consolacao;291504
1713;Brooklin;254388
1714;Mooca;415500
1715;Santo Amaro;222953
1716;Interlagos;364688
1717;Centro;270062
1718;Consolacao;291504
1719;Brooklin;254388
1720;Mooca;415500
1721;Santo Amaro;222953
1722;Interlagos;364688
1723;Centro;270062
1724;Consolacao;291504
1725;Brooklin;254388
1726;Mooca;415500
1727;Santo Amaro;222953
1728;Interlagos;364688
1729;Centro;270062
1730;Consolacao;291504
1731;Brooklin;254388
1732;Mooca;415500
1733;Santo Amaro;222953
1734;Interlagos;364688
1735;Centro;270062
1736;Consolacao;291504
1737;Brooklin;254388
1738;Mooca;415500
1739;Santo Amaro;222953
1740;Interlagos;364688
1741;Centro;270062
1742;Consolacao;291504
1743;Brooklin;254388
1744;Mooca;415500
1745;Santo Amaro;222953
1746;Interlagos;364688
1747;Centro;270062
1748;Consolacao;291504
1749;Brooklin;254388
1750;Mooca;415500
1751;Santo Amaro;222953
1752;Interlagos;364688
1753;Centro;270062
1754;Consolacao;291504
1755;Brooklin;254388
1756;Mooca;415500
1757;Santo Amaro;222953
1758;Interlagos;364688
1759;Centro;270062
1760;Consolacao;291504
1761;Brooklin;254388
1762;Mooca;415500
1763;Santo Amaro;222953
1764;Interlagos;364688
1765;Centro;270062
1766;Consolacao;291504
1767;Brooklin;254388
1768;Mooca;415500
1769;Santo Amaro;222953
1770;Interlagos;364688
1771;Centro;270062
1772;Consolacao;291504
1773;Brooklin;254388
1774;Mooca;415500
1775;Santo Amaro;222953
1776;Interlagos;364688
1777;Centro;270062
1778;Consolacao;291504
1779;Brooklin;254388
1780;Mooca;415500
1781;Santo Amaro;222953
1782;Interlagos;364688
1783;Centro;270062
1784;Consolacao;291504
1785;Brooklin;254388
1786;Mooca;415500
1787;Santo Amaro;222953
1788;Interlagos;364688
1789;Centro;270062
1790;Consolacao;291504
1791;Brooklin;254388
1792;Mooca;415500
1793;Santo Amaro;222953
1794;Interlagos;364688
1795;Centro;270062
1796;Consolacao;291504
1797;Brooklin;254388
1798;Mooca;415500
1799;Santo Amaro;222953
1800;Interlagos;364688
1801;Centro;270062
1802;Consolacao;291504
1803;Brooklin;254388
1804;Mooca;415500
1805;Santo Amaro;222953
1806;Interlagos;364688
1807;Centro;270062
1808;Consolacao;291504
1809;Brooklin;254388
1810;Mooca;415500
1811;Santo Amaro;222953
1812;Interlagos;364688
1813;Centro;270062
1814;Consolacao;291504
1815;Brooklin;254388
1816;Mooca;415500
1817;Santo Amaro;222953
1818;Interlagos;364688
1819;Centro;270062
1820;Consolacao;291504
1821;Brooklin;254388
1822;Mooca;415500
1823;Santo Amaro;222953
1824;Interlagos;364688
1825;Centro;270062
1826;Consolacao;291504
1827;Brooklin;254388
1828;Mooca;415500
1829;Santo Amaro;222953
1830;Interlagos;364688
1831;Centro;270062
1832;Consolacao;291504
1833;Brooklin;254388
1834;Mooca;415500
1835;Santo Amaro;222953
1836;Interlagos;364688
1837;Centro;270062
1838;Consolacao;291504
1839;Brooklin;254388
1840;Mooca;415500
1841;Santo Amaro;222953
1842;Interlagos;364688
1843;Centro;270062
1844;Consolacao;291504
1845;Brooklin;254388
1846;Mooca;415500
1847;Santo Amaro;222953
1848;Interlagos;364688
1849;Centro;270062
1850;Consolacao;291504
1851;Brooklin;254388
1852;Mooca;415500
1853;Santo Amaro;222953
1854;Interlagos;364688
1855;Centro;270062
1856;Consolacao;291504
1857;Brooklin;254388
1858;Mooca;415500
1859;Santo Amaro;222953
1860;Interlagos;364688
1861;Centro;270062
1862;Consolacao;291504
1863;Brooklin;254388
1864;Mooca;415500
1865;Santo Amaro;222953
1866;Interlagos;364688
1867;Centro;270062
1868;Consolacao;291504
1869;Brooklin;254388
1870;Mooca;415500
1871;Santo Amaro;222953
1872;Interlagos;364688
1873;Centro;270062
1874;Consolacao;291504
1875;Brooklin;254388
1876;Mooca;415500
1877;Santo Amaro;222953
1878;Interlagos;364688
1879;Centro;270062
1880;Consolacao;291504
1881;Brooklin;254388
1882;Mooca;415500
1883;Santo Amaro;222953
1884;Interlagos;364688
1885;Centro;270062
1886;Consolacao;291504
1887;Brooklin;254388
1888;Mooca;415500
1889;Santo Amaro;222953
1890;Interlagos;364688
1891;Centro;270062
1892;Consolacao;291504
1893;Brooklin;254388
1894;Mooca;415500
1895;Santo Amaro;222953
1896;Interlagos;364688
1897;Centro;270062
1898;Consolacao;291504
1899;Brooklin;254388
1900;Mooca;415500
1901;Santo Amaro;222953
1902;Interlagos;364688
1903;Centro;270062
1904;Consolacao;291504
1905;Brooklin;254388
1906;Mooca;415500
1907;Santo Amaro;222953
1908;Interlagos;364688
1909;Centro;270062
1910;Consolacao;291504
1911;Brooklin;254388
1912;Mooca;415500
1913;Santo Amaro;222953
1914;Interlagos;364688
1915;Centro;270062
1916;Consolacao;291504
1917;Brooklin;254388
1918;Mooca;415500
1919;Santo Amaro;222953
1920;Interlagos;364688
1921;Centro;270062
1922;Consolacao;291504
1923;Brooklin;434830
1924;Mooca;415500
1925;Santo Amaro;222953
1926;Interlagos;364688
1927;Centro;315875
1928;Consolacao;291504
1929;Brooklin;254388
1930;Mooca;415500
1931;Santo Amaro;193662
1932;Interlagos;386267
1933;Centro;315875
1934;Consolacao;283751
1935;Brooklin;254388
1936;Mooca;477062
1937;Santo Amaro;193662
1938;Interlagos;386267
1939;Centro;270062
1940;Consolacao;291504
1941;Brooklin;434830
1942;Mooca;415500
1943;Santo Amaro;193662
1944;Interlagos;364688
1945;Centro;315875
1946;Consolacao;283751
1947;Brooklin;434830
1948;Mooca;415500
1949;Santo Amaro;193662
1950;Interlagos;386267
1951;Centro;315875
1952;Consolacao;283751
1953;Brooklin;434830
1954;Mooca;415500
1955;Santo Amaro;193662
1956;Interlagos;364688
1957;Centro;270062
1958;Consolacao;283751
1959;Brooklin;434830
1960;Mooca;477062
1961;Santo Amaro;222953
1962;Interlagos;386267
1963;Centro;270062
1964;Consolacao;283751
1965;Brooklin;254388
1966;Mooca;477062
1967;Santo Amaro;222953
1968;Interlagos;386267
1969;Centro;270062
1970;Consolacao;283751
1971;Brooklin;434830
1972;Mooca;477062
1973;Santo Amaro;193662
1974;Interlagos;386267
1975;Centro;315875
1976;Consolacao;283751
1977;Brooklin;254388
1978;Mooca;477062
1979;Santo Amaro;193662
1980;Interlagos;364688
1981;Centro;315875
1982;Consolacao;283751
1983;Brooklin;434830
1984;Mooca;477062
1985;Santo Amaro;193662
1986;Interlagos;386267
1987;Centro;315875
1988;Consolacao;283751
1989;Brooklin;254388
1990;Mooca;477062
1991;Santo Amaro;222953
1992;Interlagos;386267
1993;Centro;315875
1994;Consolacao;283751
1995;Brooklin;434830
1996;Mooca;477062
1997;Santo Amaro;222953
1998;Interlagos;386267
1999;Centro;315875
2000;Consolacao;283751
2001;Brooklin;434830
2002;Mooca;477062
2003;Santo Amaro;193662
2004;Interlagos;386267
2005;Centro;270062
2006;Consolacao;283751
2007;Brooklin;434830
2008;Mooca;477062
2009;Santo Amaro;193662
2010;Interlagos;386267
2011;Centro;315875
2012;Consolacao;283751
2013;Brooklin;434830
2014;Mooca;477062
2015;Santo Amaro;193662
2016;Interlagos;386267
2017;Centro;315875
2018;Consolacao;283751
2019;Brooklin;434830
2020;Mooca;477062
2021;Santo Amaro;193662
2022;Interlagos;386267
2023;Centro;315875
2024;Consolacao;283751
2025;Brooklin;434830
2026;Mooca;477062
2027;Santo Amaro;222953
2028;Interlagos;386267
2029;Centro;315875
2030;Consolacao;283751
2031;Brooklin;434830
2032;Mooca;477062
2033;Santo Amaro;193662
2034;Interlagos;386267
2035;Centro;315875
2036;Consolacao;283751
2037;Brooklin;434830
2038;Mooca;477062
2039;Santo Amaro;193662
2040;Interlagos;386267
2041;Centro;315875
2042;Consolacao;283751
2043;Brooklin;434830
2044;Mooca;477062
2045;Santo Amaro;193662
2046;Interlagos;386267
2047;Centro;315875
2048;Consolacao;283751
2049;Brooklin;434830
2050;Mooca;477062
2051;Santo Amaro;193662
2052;Interlagos;386267
2053;Centro;400000
