idEntrada;dataHoraEntrada;dataHoraSaida;statusSaida;paginaSaida;renda;valorImovel;tempoFinanciamento;porcentagemRenda;bancoEscolhido;fkCliente;fkRegiao
1;2021-05-18;2021-05-18;0;2;4439.52;85988.11;22;7;2;1;1
2;2021-05-18;2021-05-18;0;4;4769.82;94245.56;24;7;0;2;2
3;2021-05-18;2021-05-18;0;3;6558.71;138967.71;33;5;2;3;3
4;2021-05-18;2021-05-18;0;5;5070.51;101762.71;25;7;0;4;4
5;2021-05-18;2021-05-18;0;5;5129.29;103232.19;26;6;0;5;5
6;2021-05-18;2021-05-18;1;1;6715.06;142876.62;34;5;1;6;6
7;2021-05-18;2021-05-18;0;3;5460.92;111522.91;27;6;2;7;7
8;2021-05-18;2021-05-18;0;5;3734.94;68373.47;19;8;0;8;8
9;2021-05-18;2021-05-18;0;3;4313.15;82828.68;22;7;2;9;9
10;2021-05-18;2021-05-18;0;3;4554.34;88858.45;23;7;2;10;10
11;2021-05-18;2021-05-18;0;5;6224.08;130602.04;31;6;0;11;11
12;2021-05-18;2021-05-18;0;3;5359.81;108995.35;27;6;2;12;12
13;2021-05-18;2021-05-18;0;4;5400.77;110019.29;27;6;2;13;13
14;2021-05-18;2021-05-18;0;3;5110.68;102767.07;26;6;2;14;14
15;2021-05-18;2021-05-18;1;1;4444.16;86103.97;22;7;1;15;15
16;2021-05-18;2021-05-18;0;5;6786.91;144672.83;34;5;0;16;16
17;2021-05-18;2021-05-18;0;2;5497.85;112446.26;27;6;1;17;17
18;2021-05-18;2021-05-18;1;1;3033.38;50834.57;15;9;1;18;18
19;2021-05-18;2021-05-18;0;2;5701.36;117533.9;29;6;2;19;1
20;2021-05-18;2021-05-18;0;5;4527.21;88180.21;23;7;0;20;2
21;2021-05-18;2021-05-18;0;5;3932.18;73304.41;20;8;0;21;3
22;2021-05-18;2021-05-18;0;4;4782.03;94550.63;24;7;2;22;4
23;2021-05-18;2021-05-18;0;4;3974;74349.89;20;8;2;23;5
24;2021-05-18;2021-05-18;0;5;4271.11;81777.72;21;8;0;24;6
25;2021-05-18;2021-05-18;0;4;4374.96;84374.02;22;7;2;25;7
26;2021-05-18;2021-05-18;0;4;3313.31;57832.67;17;9;2;26;8
27;2021-05-18;2021-05-18;0;3;5837.79;120944.68;29;6;2;27;9
28;2021-05-18;2021-05-18;0;3;5153.37;103834.33;26;6;2;28;10
29;2021-05-18;2021-05-18;0;2;3861.86;71546.58;19;8;2;29;11
30;2021-05-18;2021-05-18;0;2;6253.81;131345.37;31;6;1;30;12
31;2021-05-18;2021-05-18;0;5;5426.46;110661.61;27;6;0;31;13
32;2021-05-18;2021-05-18;0;5;4704.93;92623.21;24;7;0;32;14
33;2021-05-18;2021-05-18;0;4;5895.13;122378.14;29;6;2;33;15
34;2021-05-18;2021-05-18;0;4;5878.13;121953.34;29;6;0;34;16
35;2021-05-18;2021-05-18;1;1;5821.58;120539.53;29;6;1;35;17
36;2021-05-18;2021-05-18;0;3;5688.64;117216.01;28;6;2;36;18
37;2021-05-18;2021-05-18;0;4;5553.92;113847.94;28;6;0;37;1
38;2021-05-18;2021-05-18;0;2;4938.09;98452.21;25;7;1;38;2
39;2021-05-18;2021-05-18;0;2;4694.04;92350.93;23;7;2;39;3
40;2021-05-18;2021-05-18;0;2;4619.53;90488.22;23;7;1;40;4
41;2021-05-18;2021-05-18;0;2;4305.29;82632.33;22;7;1;41;5
42;2021-05-18;2021-05-18;0;3;4792.08;94802.07;24;7;2;42;6
43;2021-05-18;2021-05-18;0;3;3734.6;68365.09;19;8;2;43;7
44;2021-05-18;2021-05-18;0;2;7168.96;154223.9;36;5;2;44;8
45;2021-05-18;2021-05-18;0;2;6207.96;130199.05;31;6;1;45;9
46;2021-05-18;2021-05-18;0;2;3876.89;71922.29;19;8;1;46;10
47;2021-05-18;2021-05-18;0;2;4597.12;89927.88;23;7;1;47;11
48;2021-05-18;2021-05-18;0;3;4533.34;88333.62;23;7;2;48;12
49;2021-05-18;2021-05-18;0;2;5779.97;119499.13;29;6;2;49;13
50;2021-05-18;2021-05-18;0;4;4916.63;97915.77;25;7;0;50;14
51;2021-05-18;2021-05-18;1;1;5253.32;106332.96;26;6;1;51;15
52;2021-05-18;2021-05-18;0;3;4971.45;99286.33;25;7;2;52;16
53;2021-05-18;2021-05-18;0;4;4957.13;98928.24;25;7;0;53;17
54;2021-05-18;2021-05-18;1;1;6368.6;134215.06;32;5;1;54;18
55;2021-05-18;2021-05-18;0;3;4774.23;94355.73;24;7;2;55;1
56;2021-05-18;2021-05-18;0;2;6516.47;137911.77;33;5;1;56;2
57;2021-05-18;2021-05-18;0;2;3451.25;61281.18;17;9;1;57;3
58;2021-05-18;2021-05-18;0;4;5584.61;114615.34;28;6;0;58;4
59;2021-05-18;2021-05-18;0;5;5123.85;103096.36;26;6;0;59;5
60;2021-05-18;2021-05-18;0;2;5215.94;105398.54;26;6;2;60;6
61;2021-05-18;2021-05-18;0;4;5379.64;109490.99;27;6;2;61;7
62;2021-05-18;2021-05-18;1;1;4497.68;87441.91;22;7;1;62;8
63;2021-05-18;2021-05-18;0;3;4666.79;91669.82;23;7;2;63;9
64;2021-05-18;2021-05-18;0;2;3981.42;74535.62;20;8;2;64;10
65;2021-05-18;2021-05-18;0;4;3928.21;73205.22;20;8;0;65;11
66;2021-05-18;2021-05-18;0;3;5303.53;107588.22;27;6;2;66;12
67;2021-05-18;2021-05-18;0;4;5448.21;111205.24;27;6;0;67;13
68;2021-05-18;2021-05-18;0;4;5053;101325.11;25;7;0;68;14
69;2021-05-18;2021-05-18;0;4;5922.27;123056.69;30;6;0;69;15
70;2021-05-18;2021-05-18;0;3;7050.08;151252.12;35;5;2;70;16
71;2021-05-18;2021-05-18;0;4;4508.97;87724.22;23;7;0;71;17
72;2021-05-18;2021-05-18;0;4;2690.83;42270.78;13;10;2;72;18
73;2021-05-18;2021-05-18;0;4;6005.74;125143.46;30;6;2;73;1
74;2021-05-18;2021-05-18;1;1;4290.8;82269.98;21;8;1;74;2
75;2021-05-18;2021-05-18;0;3;4311.99;82799.78;22;7;2;75;3
76;2021-05-18;2021-05-18;0;2;6025.57;125639.28;30;6;1;76;4
77;2021-05-18;2021-05-18;0;3;4715.23;92880.67;24;7;2;77;5
78;2021-05-18;2021-05-18;0;3;3779.28;69482.06;19;8;2;78;6
79;2021-05-18;2021-05-18;0;2;5181.3;104532.59;26;6;2;79;7
80;2021-05-18;2021-05-18;1;1;4861.11;96527.72;24;7;1;80;8
81;2021-05-18;2021-05-18;0;2;5005.76;100144.1;25;7;1;81;9
82;2021-05-18;2021-05-18;0;4;5385.28;109632.01;27;6;2;82;10
83;2021-05-18;2021-05-18;0;3;4629.34;90733.5;23;7;2;83;11
84;2021-05-18;2021-05-18;0;4;5644.38;116109.41;28;6;0;84;12
85;2021-05-18;2021-05-18;1;1;4779.51;94487.84;24;7;1;85;13
86;2021-05-18;2021-05-18;0;3;5331.78;108294.55;27;6;2;86;14
87;2021-05-18;2021-05-18;0;5;6096.84;127420.98;30;6;0;87;15
88;2021-05-18;2021-05-18;0;5;5435.18;110879.54;27;6;0;88;16
89;2021-05-18;2021-05-18;0;5;4674.07;91851.71;23;7;0;89;17
90;2021-05-18;2021-05-18;0;2;6148.81;128720.19;31;6;1;90;18
91;2021-05-18;2021-05-18;0;2;5993.5;124837.6;30;6;1;91;1
92;2021-05-18;2021-05-18;0;4;5548.4;113709.92;28;6;2;92;2
93;2021-05-18;2021-05-18;0;2;5238.73;105968.29;26;6;2;93;3
94;2021-05-18;2021-05-18;0;4;4372.09;84302.35;22;7;2;94;4
95;2021-05-18;2021-05-18;0;2;6360.65;134016.31;32;5;2;95;5
96;2021-05-18;2021-05-18;0;2;4399.74;84993.51;22;7;1;96;6
97;2021-05-18;2021-05-18;0;4;7187.33;154683.32;36;5;0;97;7
98;2021-05-18;2021-05-18;1;1;6532.61;138315.27;33;5;1;98;8
99;2021-05-18;2021-05-18;0;3;4764.3;94107.49;24;7;2;99;9
100;2021-05-18;2021-05-18;0;3;3973.58;74339.48;20;8;2;100;10
101;2021-05-18;2021-05-18;0;3;4289.59;82239.84;21;8;2;101;11
102;2021-05-18;2021-05-18;0;2;5256.88;106422.09;26;6;2;102;12
103;2021-05-18;2021-05-18;0;3;4753.31;93832.7;24;7;2;103;13
104;2021-05-18;2021-05-18;0;5;4652.46;91311.44;23;7;0;104;14
105;2021-05-18;2021-05-18;0;3;4048.38;76209.54;20;8;2;105;15
106;2021-05-18;2021-05-18;0;5;4954.97;98874.31;25;7;0;106;16
107;2021-05-18;2021-05-18;0;5;4215.1;80377.39;21;8;0;107;17
108;2021-05-18;2021-05-18;0;3;3332.06;58301.45;17;9;2;108;18
109;2021-05-18;2021-05-18;0;3;4619.77;90494.34;23;7;2;109;1
110;2021-05-18;2021-05-18;0;2;5919;122974.92;30;6;1;110;2
111;2021-05-18;2021-05-18;0;5;4424.65;85616.33;22;7;0;111;3
112;2021-05-18;2021-05-18;0;2;5607.96;115199.11;28;6;2;112;4
113;2021-05-18;2021-05-18;1;1;3382.12;59552.93;17;9;1;113;5
114;2021-05-18;2021-05-18;0;5;4944.44;98610.95;25;7;0;114;6
115;2021-05-18;2021-05-18;0;4;5519.41;112985.18;28;6;2;115;7
116;2021-05-18;2021-05-18;0;2;5301.15;107528.83;27;6;1;116;8
117;2021-05-18;2021-05-18;0;3;5105.68;102641.9;26;6;2;117;9
118;2021-05-18;2021-05-18;0;5;4359.29;83982.35;22;7;0;118;10
119;2021-05-18;2021-05-18;0;3;4150.3;78757.39;21;8;2;119;11
120;2021-05-18;2021-05-18;0;3;3975.87;74396.78;20;8;2;120;12
121;2021-05-18;2021-05-18;0;4;5117.65;102941.16;26;6;2;121;13
122;2021-05-18;2021-05-18;0;2;4052.53;76313.13;20;8;2;122;14
123;2021-05-18;2021-05-18;0;2;4509.44;87736.06;23;7;2;123;15
124;2021-05-18;2021-05-18;0;2;4743.91;93597.7;24;7;1;124;16
125;2021-05-18;2021-05-18;0;2;6843.86;146096.55;34;5;2;125;17
126;2021-05-18;2021-05-18;0;5;4348.05;83701.25;22;7;3;126;18
127;2021-05-18;2021-05-18;0;2;5235.39;105884.66;26;6;1;127;1
128;2021-05-18;2021-05-18;1;1;5077.96;101949.02;25;7;1;128;2
129;2021-05-18;2021-05-18;0;2;4038.14;75953.58;20;8;1;129;3
130;2021-05-18;2021-05-18;0;4;4928.69;98217.3;25;7;2;130;4
131;2021-05-18;2021-05-18;0;3;6444.55;136113.77;32;6;2;131;5
132;2021-05-18;2021-05-18;0;5;5451.5;111287.6;27;6;3;132;6
133;2021-05-18;2021-05-18;0;4;5041.23;101030.82;25;7;2;133;7
134;2021-05-18;2021-05-18;0;4;4577.5;89437.58;23;7;2;134;8
135;2021-05-18;2021-05-18;0;3;2946.75;48668.82;15;9;2;135;9
136;2021-05-18;2021-05-18;0;4;6131.34;128283.43;31;6;2;136;10
137;2021-05-18;2021-05-18;0;4;3539.36;63484;18;8;1;137;11
138;2021-05-18;2021-05-18;0;4;5739.95;118498.69;29;6;2;138;12
139;2021-05-18;2021-05-18;0;5;6909.1;147727.59;35;5;0;139;13
140;2021-05-18;2021-05-18;0;3;3556.11;63902.67;18;8;2;140;14
141;2021-05-18;2021-05-18;0;2;5701.78;117544.61;29;6;2;141;15
142;2021-05-18;2021-05-18;0;3;4737.8;93445.06;24;7;2;142;16
143;2021-05-18;2021-05-18;1;1;3427.86;60696.4;17;9;1;143;17
144;2021-05-18;2021-05-18;0;2;3485.33;62133.31;17;9;1;144;18
145;2021-05-18;2021-05-18;0;4;3398.46;59961.6;17;9;0;145;1
146;2021-05-18;2021-05-18;0;2;4469.09;86727.34;22;7;1;146;2
147;2021-05-18;2021-05-18;0;2;3538.24;63456.11;18;8;1;147;3
148;2021-05-18;2021-05-18;1;1;5687.92;117197.92;28;6;1;148;4
149;2021-05-18;2021-05-18;0;2;7100.11;152502.72;36;5;1;149;5
150;2021-05-18;2021-05-18;0;4;3712.97;67824.24;19;8;2;150;6
151;2021-05-18;2021-05-18;0;4;5787.74;119693.47;29;6;0;151;7
152;2021-05-18;2021-05-18;0;3;5769.04;119226.06;29;6;2;152;8
153;2021-05-18;2021-05-18;0;3;5332.2;108305.06;27;6;2;153;9
154;2021-05-18;2021-05-18;0;2;3991.62;74790.58;20;8;1;154;10
155;2021-05-18;2021-05-18;1;1;4880.55;97013.68;24;7;1;155;11
156;2021-05-18;2021-05-18;0;3;4719.6;92990.12;24;7;2;156;12
157;2021-05-18;2021-05-18;0;3;5562.99;114074.74;28;6;2;157;13
158;2021-05-18;2021-05-18;0;2;4627.56;90689.03;23;7;1;158;14
159;2021-05-18;2021-05-18;0;3;5976.97;124424.33;30;6;2;159;15
160;2021-05-18;2021-05-18;0;2;4625.42;90635.48;23;7;1;160;16
161;2021-05-18;2021-05-18;0;3;6052.71;126317.79;30;6;2;161;17
162;2021-05-18;2021-05-18;0;2;3950.82;73770.57;20;8;2;162;18
163;2021-05-18;2021-05-18;0;4;3739.84;68496.12;19;8;2;163;1
164;2021-05-18;2021-05-18;0;2;8241.04;181026;41;4;2;164;2
165;2021-05-18;2021-05-18;0;2;4583.14;89578.56;23;7;2;165;3
166;2021-05-18;2021-05-18;0;3;5298.23;107455.69;26;7;2;166;4
167;2021-05-18;2021-05-18;0;4;5636.57;115914.24;28;6;2;167;5
168;2021-05-18;2021-05-18;0;2;4516.22;87905.48;23;7;1;168;6
169;2021-05-18;2021-05-18;0;3;5516.86;112921.55;28;6;2;169;7
170;2021-05-18;2021-05-18;0;2;5368.96;109224.11;27;6;2;170;8
171;2021-05-18;2021-05-18;0;4;4784.62;94615.49;24;7;2;171;9
172;2021-05-18;2021-05-18;0;2;5065.29;101632.33;25;7;1;172;10
173;2021-05-18;2021-05-18;0;4;4965.93;99148.32;25;7;3;173;11
174;2021-05-18;2021-05-18;0;4;7128.45;153211.3;36;5;2;174;12
175;2021-05-18;2021-05-18;0;4;4258.66;81466.6;21;8;2;175;13
176;2021-05-18;2021-05-18;0;3;3904;72600.09;20;8;2;176;14
177;2021-05-18;2021-05-18;0;2;5037.79;100944.71;25;7;2;177;15
178;2021-05-18;2021-05-18;0;3;5310.48;107762.02;27;6;2;178;16
179;2021-05-18;2021-05-18;0;4;5436.52;110913.09;27;6;0;179;17
180;2021-05-18;2021-05-18;0;3;4541.63;88540.87;23;7;2;180;18
181;2021-05-18;2021-05-18;0;4;3936.67;73416.85;20;8;3;181;1
182;2021-05-18;2021-05-18;0;2;6263.19;131579.63;31;6;2;182;2
183;2021-05-18;2021-05-18;0;4;4650.35;91258.74;23;7;2;183;3
184;2021-05-18;2021-05-18;0;2;4134.49;78362.18;21;8;2;184;4
185;2021-05-18;2021-05-18;0;3;4763.72;94093.01;24;7;2;185;5
186;2021-05-18;2021-05-18;0;3;4802.82;95070.6;24;7;2;186;6
187;2021-05-18;2021-05-18;0;2;6109.92;127748.01;31;6;2;187;7
188;2021-05-18;2021-05-18;0;3;5084.74;102118.43;25;7;2;188;8
189;2021-05-18;2021-05-18;0;5;5754.05;118851.34;29;6;3;189;9
190;2021-05-18;2021-05-18;0;5;4500.71;87517.7;23;7;3;190;10
191;2021-05-18;2021-05-18;0;2;5214.45;105361.13;26;6;2;191;11
192;2021-05-18;2021-05-18;0;2;4675.31;91882.85;23;7;2;192;12
193;2021-05-18;2021-05-18;0;5;5094.58;102364.59;25;7;0;193;13
194;2021-05-18;2021-05-18;0;3;4104.64;77615.92;21;8;2;194;14
195;2021-05-18;2021-05-18;0;5;3689.2;67229.96;18;8;0;195;15
196;2021-05-18;2021-05-18;0;3;6997.21;149930.33;35;5;2;196;16
197;2021-05-18;2021-05-18;0;3;5600.71;115017.72;28;6;2;197;17
198;2021-05-18;2021-05-18;0;4;3748.73;68718.22;19;8;2;198;18
199;2021-05-18;2021-05-18;0;2;4388.83;84720.85;22;7;1;199;1
200;2021-05-18;2021-05-18;0;3;3814.52;70363;19;8;2;200;2
201;2021-05-18;2021-05-18;0;2;7198.81;154970.26;36;5;1;201;3
202;2021-05-18;2021-05-18;0;5;6312.41;132810.32;32;5;3;202;4
203;2021-05-18;2021-05-18;0;3;4734.85;93371.37;24;7;2;203;5
204;2021-05-18;2021-05-18;0;3;5543.19;113579.85;28;6;2;204;6
205;2021-05-18;2021-05-18;0;3;4585.66;89641.5;23;7;2;205;7
206;2021-05-18;2021-05-18;0;5;4523.75;88093.83;23;7;0;206;8
207;2021-05-18;2021-05-18;0;2;4211.4;80284.93;21;8;2;207;9
208;2021-05-18;2021-05-18;0;2;4405.38;85134.57;22;7;2;208;10
209;2021-05-18;2021-05-18;0;2;6650.91;141272.69;33;5;1;209;11
210;2021-05-18;2021-05-18;0;2;4945.97;98649.3;25;7;1;210;12
211;2021-05-18;2021-05-18;0;3;5119.25;102981.13;26;6;2;211;13
212;2021-05-18;2021-05-18;0;2;5243.69;106092.19;26;6;2;212;14
213;2021-05-18;2021-05-18;0;2;6232.48;130811.9;31;6;1;213;15
214;2021-05-18;2021-05-18;0;4;4483.94;87098.4;22;7;2;214;16
215;2021-05-18;2021-05-18;1;1;4007.49;75187.32;20;8;1;215;17
216;2021-05-18;2021-05-18;0;4;6675.7;141892.42;33;5;2;216;18
217;2021-05-18;2021-05-18;0;2;4558.84;88970.92;23;7;2;217;1
218;2021-05-18;2021-05-18;0;3;4276.93;81923.35;21;8;2;218;2
219;2021-05-18;2021-05-18;0;4;3763.73;69093.17;19;8;0;219;3
220;2021-05-18;2021-05-18;0;5;3715.28;67882.11;19;8;0;220;4
221;2021-05-18;2021-05-18;0;2;4426.03;85650.66;22;7;2;221;5
222;2021-05-18;2021-05-18;0;5;5617.99;115449.65;28;6;0;222;6
223;2021-05-18;2021-05-18;0;4;6109.85;127746.2;31;6;2;223;7
224;2021-05-18;2021-05-18;0;4;5707.59;117689.71;29;6;2;224;8
225;2021-05-18;2021-05-18;1;1;4636.34;90908.57;23;7;1;225;9
226;2021-05-18;2021-05-18;0;3;5059.75;101493.75;25;7;2;226;10
227;2021-05-18;2021-05-18;0;3;4295.4;82385.09;21;8;2;227;11
228;2021-05-18;2021-05-18;0;3;4282.78;82069.55;21;8;2;228;12
229;2021-05-18;2021-05-18;0;4;5884.65;122116.26;29;6;2;229;13
230;2021-05-18;2021-05-18;0;5;3984.41;74610.19;20;8;0;230;14
231;2021-05-18;2021-05-18;0;3;6955.29;148882.35;35;5;2;231;15
232;2021-05-18;2021-05-18;0;3;4909.68;97742.01;25;7;2;232;16
233;2021-05-18;2021-05-18;0;3;5214.54;105363.47;26;6;2;233;17
234;2021-05-18;2021-05-18;1;1;4261.47;81536.81;21;8;1;234;18
235;2021-05-18;2021-05-18;0;2;4425.61;85640.28;22;7;2;235;1
236;2021-05-18;2021-05-18;0;3;3682.98;67074.6;18;8;2;236;2
237;2021-05-18;2021-05-18;0;2;4817.07;95426.87;24;7;1;237;3
238;2021-05-18;2021-05-18;0;4;5418.98;110474.56;27;6;0;238;4
239;2021-05-18;2021-05-18;0;2;5324.3;108107.61;27;6;1;239;5
240;2021-05-18;2021-05-18;0;4;4218.46;80461.59;21;8;0;240;6
241;2021-05-18;2021-05-18;0;3;4211.38;80284.45;21;8;2;241;7
242;2021-05-18;2021-05-18;0;4;4497.8;87445.03;22;7;2;242;8
243;2021-05-18;2021-05-18;0;2;6496.06;137401.52;32;6;1;243;9
244;2021-05-18;2021-05-18;0;4;3862.7;71567.41;19;8;2;244;10
245;2021-05-18;2021-05-18;0;2;4820.95;95523.71;24;7;2;245;11
246;2021-05-18;2021-05-18;0;4;6902.36;147559.05;35;5;2;246;12
247;2021-05-18;2021-05-18;0;3;4899.03;97475.63;24;7;2;247;13
248;2021-05-18;2021-05-18;0;5;3640.16;66003.98;18;8;0;248;14
249;2021-05-18;2021-05-18;0;5;4335.23;83380.76;22;7;0;249;15
250;2021-05-18;2021-05-18;0;4;5485.46;112136.5;27;6;2;250;16
251;2021-05-18;2021-05-18;0;2;4624.4;90609.93;23;7;2;251;17
252;2021-05-18;2021-05-18;0;2;4438.12;85953.09;22;7;1;252;18
253;2021-05-18;2021-05-18;0;3;4656.08;91402.07;23;7;2;253;1
254;2021-05-18;2021-05-18;0;2;5090.5;102262.42;25;7;2;254;2
255;2021-05-18;2021-05-18;0;3;6598.51;139962.72;33;5;2;255;3
256;2021-05-18;2021-05-18;0;4;4911.43;97785.87;25;7;0;256;4
257;2021-05-18;2021-05-18;0;2;6080.8;127019.99;30;6;1;257;5
258;2021-05-18;2021-05-18;0;3;5630.75;115768.85;28;6;2;258;6
259;2021-05-18;2021-05-18;0;3;4886.36;97159;24;7;2;259;7
260;2021-05-18;2021-05-18;0;4;3467.1;61677.45;17;9;0;260;8
261;2021-05-18;2021-05-18;0;5;4478.88;86972.07;22;7;0;261;9
262;2021-05-18;2021-05-18;0;5;4510.13;87753.24;23;7;0;262;10
263;2021-05-18;2021-05-18;0;4;5047.15;101178.86;25;7;2;263;11
264;2021-05-18;2021-05-18;0;5;6300.2;132504.97;32;5;0;264;12
265;2021-05-18;2021-05-18;0;3;7293.08;157326.97;36;5;2;265;13
266;2021-05-18;2021-05-18;0;3;6547.58;138689.53;33;5;2;266;14
267;2021-05-18;2021-05-18;0;2;4866.85;96671.23;24;7;2;267;15
268;2021-05-18;2021-05-18;0;2;3243.47;56086.82;16;9;2;268;16
269;2021-05-18;2021-05-18;1;1;4611.22;90280.5;23;7;1;269;17
270;2021-05-18;2021-05-18;0;3;5089.21;102230.18;25;7;2;270;18
271;2021-05-18;2021-05-18;0;4;5845.01;121125.33;29;6;0;271;18
272;2021-05-18;2021-05-18;1;1;5962.53;124063.2;30;6;1;272;1
273;2021-05-18;2021-05-18;1;1;5684.31;117107.74;28;6;1;273;2
274;2021-05-18;2021-05-18;0;2;3604.73;65118.14;18;8;1;274;3
275;2021-05-18;2021-05-18;0;4;5849.64;121241.08;29;6;0;275;4
276;2021-05-18;2021-05-18;0;4;4553.44;88836.07;23;7;2;276;5
277;2021-05-18;2021-05-18;0;5;5174.8;104370.07;26;6;0;277;6
278;2021-05-18;2021-05-18;0;3;5074.55;101863.78;25;7;2;278;7
279;2021-05-18;2021-05-18;1;1;5428.17;110704.17;27;6;1;279;8
280;2021-05-18;2021-05-18;0;4;5024.67;100616.87;25;7;2;280;9
281;2021-05-18;2021-05-18;0;4;3332.52;58313.12;17;9;0;281;10
282;2021-05-18;2021-05-18;0;2;5736.5;118412.4;29;6;1;282;11
283;2021-05-18;2021-05-18;0;3;5386.03;109650.66;27;6;2;283;1
284;2021-05-18;2021-05-18;0;2;4734.35;93358.71;24;7;1;284;2
285;2021-05-18;2021-05-18;1;1;5118.14;102953.61;26;6;1;285;3
286;2021-05-18;2021-05-18;0;3;5134.04;103350.97;26;6;2;286;4
287;2021-05-18;2021-05-18;1;1;5221.02;105525.49;26;6;1;287;5
288;2021-05-18;2021-05-18;0;2;6640.85;141021.15;33;5;1;288;6
289;2021-05-18;2021-05-18;1;1;4780.95;94523.74;24;7;1;289;7
290;2021-05-18;2021-05-18;0;4;5168.07;104201.63;26;6;2;290;8
291;2021-05-18;2021-05-18;0;2;6168.38;129209.6;31;6;2;291;9
292;2021-05-18;2021-05-18;1;1;6054.18;126354.53;30;6;1;292;10
293;2021-05-18;2021-05-18;1;1;6145.26;128631.58;31;6;1;293;11
294;2021-05-18;2021-05-18;0;5;4422.53;85563.3;22;7;0;294;12
295;2021-05-18;2021-05-18;0;4;7002.48;150062.07;35;5;0;295;13
296;2021-05-18;2021-05-18;0;4;5066.7;101667.52;25;7;0;296;14
297;2021-05-18;2021-05-18;0;5;6866.85;146671.3;34;5;0;297;15
298;2021-05-18;2021-05-18;1;1;3649.1;66227.43;18;8;1;298;16
299;2021-05-18;2021-05-18;1;1;5020.98;100524.59;25;7;1;299;17
300;2021-05-18;2021-05-18;0;4;6249.91;131247.86;31;6;0;300;18
301;2021-05-18;2021-05-18;0;4;4284.76;82118.95;21;8;0;301;1
302;2021-05-18;2021-05-18;1;1;4247.31;81182.78;21;8;1;302;2
303;2021-05-18;2021-05-18;0;4;4061.46;76536.53;20;8;0;303;3
304;2021-05-18;2021-05-18;0;4;3947.49;73687.17;20;8;2;304;4
305;2021-05-18;2021-05-18;0;4;4562.84;89071.01;23;7;2;305;5
306;2021-05-18;2021-05-18;0;3;5331.18;108279.48;27;6;2;306;6
307;2021-05-18;2021-05-18;0;2;2985.79;49644.74;15;9;1;307;7
308;2021-05-18;2021-05-18;1;1;5211.98;105299.51;26;6;1;308;8
309;2021-05-18;2021-05-18;0;3;6236.68;130916.88;31;6;2;309;9
310;2021-05-18;2021-05-18;0;3;7037.57;150939.35;35;5;2;310;10
311;2021-05-18;2021-05-18;0;3;6301.18;132529.4;32;5;2;311;11
312;2021-05-18;2021-05-18;0;3;5756.77;118919.37;29;6;2;312;12
313;2021-05-18;2021-05-18;0;4;3273.27;56831.74;16;9;2;313;13
314;2021-05-18;2021-05-18;1;1;4398.49;84962.33;22;7;1;314;14
315;2021-05-18;2021-05-18;0;2;4647.95;91198.84;23;7;2;315;15
316;2021-05-18;2021-05-18;0;4;5703.52;117588.1;29;6;0;316;16
317;2021-05-18;2021-05-18;0;4;4894.33;97358.22;24;7;0;317;17
318;2021-05-18;2021-05-18;0;2;3741.35;68533.78;19;8;1;318;18
319;2021-05-18;2021-05-18;0;2;6684.44;142110.89;33;5;2;319;1
320;2021-05-18;2021-05-18;0;4;5911.39;122784.78;30;6;0;320;2
321;2021-05-18;2021-05-18;0;4;5237.43;105935.76;26;6;0;321;3
322;2021-05-18;2021-05-18;0;2;6218.11;130452.72;31;6;2;322;4
323;2021-05-18;2021-05-18;0;2;3661.23;66530.64;18;8;1;323;5
324;2021-05-18;2021-05-18;0;4;5660.82;116520.51;28;6;2;324;6
325;2021-05-18;2021-05-18;1;1;4477.09;86927.19;22;7;1;325;7
326;2021-05-18;2021-05-18;1;1;5683.75;117093.64;28;6;1;326;8
327;2021-05-18;2021-05-18;0;5;4939.18;98479.45;25;7;0;327;9
328;2021-05-18;2021-05-18;1;1;5632.96;115824.02;28;6;1;328;10
329;2021-05-18;2021-05-18;0;2;6335.52;133387.94;32;5;2;329;11
330;2021-05-18;2021-05-18;0;5;5007.29;100182.25;25;7;0;330;12
331;2021-05-18;2021-05-18;0;3;6017.56;125438.97;30;6;2;331;13
332;2021-05-18;2021-05-18;0;2;3811.57;70289.15;19;8;2;332;14
333;2021-05-18;2021-05-18;0;4;4278.4;81959.89;21;8;2;333;15
334;2021-05-18;2021-05-18;0;4;6519.22;137980.44;33;5;0;334;16
335;2021-05-18;2021-05-18;0;2;5377.39;109434.7;27;6;0;335;17
336;2021-05-18;2021-05-18;0;3;2947.78;48694.43;15;9;2;336;18
337;2021-05-18;2021-05-18;0;4;3635.96;65899.06;18;8;2;337;1
338;2021-05-18;2021-05-18;0;4;4799.22;94980.47;24;7;2;338;2
339;2021-05-18;2021-05-18;0;4;5865.78;121644.49;29;6;2;339;3
340;2021-05-18;2021-05-18;0;5;4898.12;97452.92;24;7;0;340;4
341;2021-05-18;2021-05-18;0;3;5624.19;115604.69;28;6;2;341;5
342;2021-05-18;2021-05-18;1;1;5959.01;123975.13;30;6;1;342;6
343;2021-05-18;2021-05-18;0;3;6671.05;141776.37;33;5;2;343;7
344;2021-05-18;2021-05-18;0;2;5056.02;101400.42;25;7;1;344;8
345;2021-05-18;2021-05-18;0;3;4948.02;98700.45;25;7;2;345;9
346;2021-05-18;2021-05-18;0;2;3246.76;56169.07;16;9;2;346;10
347;2021-05-18;2021-05-18;0;5;5099.33;102483.19;25;7;0;347;11
348;2021-05-18;2021-05-18;0;3;4428.15;85703.75;22;7;2;348;12
349;2021-05-18;2021-05-18;0;2;4025.99;75649.76;20;8;1;349;13
350;2021-05-18;2021-05-18;0;3;4820.09;95502.34;24;7;2;350;14
351;2021-05-18;2021-05-18;0;2;6014.94;125373.58;30;6;1;351;15
352;2021-05-18;2021-05-18;0;5;3007.25;50181.29;15;9;3;352;16
353;2021-05-18;2021-05-18;0;3;4572.72;89318.02;23;7;2;353;17
354;2021-05-18;2021-05-18;0;2;5116.64;102915.93;26;6;1;354;18
355;2021-05-18;2021-05-18;0;3;4106.79;77669.81;21;8;2;355;1
356;2021-05-18;2021-05-18;0;5;5333.9;108347.57;27;6;3;356;2
357;2021-05-18;2021-05-18;0;4;5411.43;110285.75;27;6;2;357;3
358;2021-05-18;2021-05-18;0;3;4966.96;99174.1;25;7;2;358;4
359;2021-05-18;2021-05-18;0;2;2534.1;38352.55;13;10;2;359;5
360;2021-05-18;2021-05-18;0;4;7571.46;164286.45;38;5;3;360;6
361;2021-05-18;2021-05-18;0;2;4794.7;94867.52;24;7;1;361;7
362;2021-05-18;2021-05-18;0;2;5651.19;116279.83;28;6;1;362;8
363;2021-05-18;2021-05-18;0;5;5273.77;106844.16;26;6;3;363;9
364;2021-05-18;2021-05-18;0;2;6024.67;125616.83;30;6;2;364;10
365;2021-05-18;2021-05-18;0;2;5817.66;120441.49;29;6;2;365;11
366;2021-05-18;2021-05-18;0;4;4790.21;94755.17;24;7;3;366;12
367;2021-05-18;2021-05-18;0;2;5378.17;109454.19;27;6;1;367;13
368;2021-05-18;2021-05-18;1;1;4054.59;76364.78;20;8;1;368;14
369;2021-05-18;2021-05-18;0;3;5856.92;121423.08;29;6;2;369;15
370;2021-05-18;2021-05-18;0;3;4538.96;88474.04;23;7;2;370;16
371;2021-05-18;2021-05-18;0;3;7416.77;160419.33;37;5;2;371;17
372;2021-05-18;2021-05-18;0;2;3348.95;58723.78;17;9;2;372;18
373;2021-05-18;2021-05-18;0;4;4536.01;88400.32;23;7;3;373;2
374;2021-05-18;2021-05-18;0;3;5825.38;120634.5;29;6;2;374;1
375;2021-05-18;2021-05-18;0;3;5510.13;112753.31;28;6;2;375;2
376;2021-05-18;2021-05-18;0;5;4410.52;85262.97;22;7;3;376;3
377;2021-05-18;2021-05-18;0;4;4003.22;75080.48;20;8;3;377;4
378;2021-05-18;2021-05-18;0;2;5144.48;103611.89;26;6;1;378;5
379;2021-05-18;2021-05-18;0;2;4985.69;99642.31;25;7;2;379;6
380;2021-05-18;2021-05-18;0;5;3209.72;55242.97;16;9;3;380;7
381;2021-05-18;2021-05-18;0;3;5034.55;100863.78;25;7;2;381;8
382;2021-05-18;2021-05-18;0;4;5190.23;104755.76;26;6;3;382;9
383;2021-05-18;2021-05-18;0;2;5174.73;104368.16;26;6;2;383;10
384;2021-05-18;2021-05-18;0;4;3944.98;73624.57;20;8;3;384;11
385;2021-05-18;2021-05-18;0;3;5476.13;111903.33;27;6;2;385;12
386;2021-05-18;2021-05-18;0;5;6378.57;134464.25;32;5;3;386;13
387;2021-05-18;2021-05-18;0;2;5456.24;111405.91;27;6;1;387;14
388;2021-05-18;2021-05-18;0;2;3864.41;71610.29;19;8;2;388;15
389;2021-05-18;2021-05-18;1;1;4564.35;89108.86;23;7;1;389;16
390;2021-05-18;2021-05-18;0;2;5346.1;108652.59;27;6;1;390;17
391;2021-05-18;2021-05-18;0;5;4352.95;83823.86;22;7;3;391;18
392;2021-05-18;2021-05-18;0;2;2842.35;46058.84;14;10;2;392;1
393;2021-05-18;2021-05-18;0;4;5884.25;122106.27;29;6;2;393;2
394;2021-05-18;2021-05-18;0;4;4170.52;79263.06;21;8;3;394;3
395;2021-05-18;2021-05-18;1;1;4426.44;85660.99;22;7;1;395;4
396;2021-05-18;2021-05-18;0;2;6503.9;137597.52;33;5;1;396;5
397;2021-05-18;2021-05-18;0;2;4225.86;80646.38;21;8;2;397;6
398;2021-05-18;2021-05-18;1;1;5845.73;121143.29;29;6;1;398;7
399;2021-05-18;2021-05-18;1;1;3739.32;68482.93;19;8;1;399;8
400;2021-05-18;2021-05-18;0;5;4645.46;91136.44;23;7;3;400;9
401;2021-05-18;2021-05-18;0;5;4926.44;98161.1;25;7;3;401;10
402;2021-05-18;2021-05-18;0;2;3831.35;70783.71;19;8;1;402;11
403;2021-05-18;2021-05-18;0;5;4365.25;84131.29;22;7;3;403;12
404;2021-05-18;2021-05-18;0;3;4971.16;99278.96;25;7;2;404;13
405;2021-05-18;2021-05-18;0;3;5670.7;116767.4;28;6;2;405;14
406;2021-05-18;2021-05-18;0;3;3349.45;58736.34;17;9;2;406;15
407;2021-05-18;2021-05-18;0;4;4650.25;91256.14;23;7;2;407;16
408;2021-05-18;2021-05-18;1;1;5756.41;118910.16;29;6;1;408;17
409;2021-05-18;2021-05-18;0;2;4461.19;86529.77;22;7;2;409;18
410;2021-05-18;2021-05-18;0;4;5227.29;105682.3;26;6;2;410;1
411;2021-05-18;2021-05-18;0;2;5492.23;112305.71;27;6;2;411;2
412;2021-05-18;2021-05-18;0;4;5267.84;106695.88;26;6;3;412;3
413;2021-05-18;2021-05-18;0;2;5653.26;116331.44;28;6;1;413;4
414;2021-05-18;2021-05-18;0;3;4877.29;96932.28;24;7;2;414;5
415;2021-05-18;2021-05-18;0;2;4586.32;89658.09;23;7;2;415;6
416;2021-05-18;2021-05-18;0;2;2356.85;33921.28;12;10;1;416;7
417;2021-05-18;2021-05-18;0;5;4907.06;97676.47;25;7;3;417;8
418;2021-05-18;2021-05-18;0;2;5430.28;110757.12;27;6;2;418;9
419;2021-05-18;2021-05-18;0;3;5535.4;113384.97;28;6;2;419;10
420;2021-05-18;2021-05-18;1;1;4444.72;86118.04;22;7;1;420;11
421;2021-05-18;2021-05-18;0;3;6779.5;144487.57;34;5;2;421;12
422;2021-05-18;2021-05-18;0;4;5286.42;107160.61;26;6;2;422;13
423;2021-05-18;2021-05-18;0;3;5126.32;103157.9;26;6;2;423;14
424;2021-05-18;2021-05-18;0;2;6272.27;131806.67;31;6;2;424;15
425;2021-05-18;2021-05-18;0;5;4281.53;82038.34;21;8;3;425;16
426;2021-05-18;2021-05-18;0;4;4549.66;88741.53;23;7;2;426;17
427;2021-05-18;2021-05-18;0;2;7397.45;159936.31;37;5;2;427;18
428;2021-05-18;2021-05-18;0;3;5011.13;100278.23;25;7;2;428;1
429;2021-05-18;2021-05-18;0;2;6633.57;140839.21;33;5;1;429;2
430;2021-05-18;2021-05-18;0;4;3561.49;64037.33;18;8;3;430;3
431;2021-05-18;2021-05-18;0;5;4809.48;95237.08;24;7;3;431;4
432;2021-05-18;2021-05-18;0;3;5378.42;109460.6;27;6;2;432;5
433;2021-05-18;2021-05-18;0;2;5300.04;107500.96;27;6;2;433;6
434;2021-05-18;2021-05-18;0;5;3994.36;74859.09;20;8;3;434;7
435;2021-05-18;2021-05-18;0;2;5019.26;100481.48;25;7;1;435;8
436;2021-05-18;2021-05-18;0;3;3922.58;73064.48;20;8;2;436;9
437;2021-05-18;2021-05-18;1;1;5712.7;117817.58;29;6;1;437;10
438;2021-05-18;2021-05-18;0;3;6084.78;127119.38;30;6;2;438;11
439;2021-05-18;2021-05-18;1;1;2775.01;44375.31;14;10;1;439;12
440;2021-05-18;2021-05-18;0;2;6235.69;130892.34;31;6;1;440;13
441;2021-05-18;2021-05-18;0;2;3758.96;68973.89;19;8;2;441;14
442;2021-05-18;2021-05-18;0;3;5454.77;111369.23;27;6;2;442;15
443;2021-05-18;2021-05-18;0;4;5659.9;116497.57;28;6;2;443;16
444;2021-05-18;2021-05-18;0;2;4800.11;95002.75;24;7;1;444;17
445;2021-05-18;2021-05-18;0;4;4354.89;83872.15;22;7;3;445;18
446;2021-05-18;2021-05-18;0;4;5165.32;104133.03;26;6;2;446;1
447;2021-05-18;2021-05-18;0;4;5438.82;110970.47;27;6;3;447;2
448;2021-05-18;2021-05-18;0;2;5883.3;122082.57;29;6;1;448;3
449;2021-05-18;2021-05-18;0;2;2947.66;48691.58;15;9;2;449;4
450;2021-05-18;2021-05-18;0;4;3363.62;59090.52;17;9;2;450;5
451;2021-05-18;2021-05-18;0;3;6430.4;135760.06;32;5;2;451;6
452;2021-05-18;2021-05-18;0;2;6046.63;126165.72;30;6;2;452;7
453;2021-05-18;2021-05-18;0;2;5435.29;110882.22;27;6;1;453;8
454;2021-05-18;2021-05-18;1;1;5715.18;117879.46;29;6;1;454;9
455;2021-05-18;2021-05-18;0;2;5917.17;122929.37;30;6;1;455;10
456;2021-05-18;2021-05-18;0;5;2339.08;33476.93;12;10;3;456;11
457;2021-05-18;2021-05-18;0;4;6110.28;127756.93;31;6;3;457;12
458;2021-05-18;2021-05-18;0;4;4515.01;87875.31;23;7;2;458;13
459;2021-05-18;2021-05-18;0;2;5230.62;105765.42;26;6;1;459;14
460;2021-05-18;2021-05-18;1;1;4704.84;92621.05;24;7;1;460;15
461;2021-05-18;2021-05-18;0;5;5871.96;121799.12;29;6;3;461;16
462;2021-05-18;2021-05-18;0;3;4651.53;91288.19;23;7;2;462;17
463;2021-05-18;2021-05-18;0;3;5518.5;112962.59;28;6;2;463;18
464;2021-05-18;2021-05-18;0;2;4609.32;90232.88;23;7;1;464;1
465;2021-05-18;2021-05-18;0;3;3907.21;72680.32;20;8;2;465;2
466;2021-05-18;2021-05-18;0;2;6210.01;130250.26;31;6;2;466;3
467;2021-05-18;2021-05-18;0;2;5740.9;118522.5;29;6;1;467;4
468;2021-05-18;2021-05-18;0;4;6724.26;143106.56;34;5;2;468;5
469;2021-05-18;2021-05-18;0;2;5065.15;101628.85;25;7;2;469;6
470;2021-05-18;2021-05-18;0;4;6125;128125.07;31;6;3;470;7
471;2021-05-18;2021-05-18;1;1;6975.42;149385.48;35;5;1;471;8
472;2021-05-18;2021-05-18;0;4;4718.52;92962.95;24;7;3;472;9
473;2021-05-18;2021-05-18;0;3;3677.05;66926.22;18;8;2;473;10
474;2021-05-18;2021-05-18;0;4;4760.65;94016.21;24;7;3;474;11
475;2021-05-18;2021-05-18;0;4;4785.96;94648.97;24;7;2;475;12
476;2021-05-18;2021-05-18;0;3;5151.68;103792.01;26;6;2;476;13
477;2021-05-18;2021-05-18;0;4;6712.3;142807.62;34;5;2;477;14
478;2021-05-18;2021-05-18;1;1;4673.86;91846.4;23;7;1;478;15
479;2021-05-18;2021-05-18;0;2;5373;109325.12;27;6;1;479;16
480;2021-05-18;2021-05-18;0;4;4772.32;94307.9;24;7;2;480;17
481;2021-05-18;2021-05-18;0;2;5020.45;100511.27;25;7;1;481;18
482;2021-05-18;2021-05-18;0;4;5314.06;107851.44;27;6;3;482;1
483;2021-05-18;2021-05-18;0;2;6328.21;133205.37;32;5;2;483;2
484;2021-05-18;2021-05-18;0;4;5121.32;103032.96;26;6;2;484;3
485;2021-05-18;2021-05-18;0;5;5712.84;117821.06;29;6;3;485;4
486;2021-05-18;2021-05-18;1;1;5778.86;119471.5;29;6;1;486;5
487;2021-05-18;2021-05-18;0;2;5914.77;122869.33;30;6;1;487;6
488;2021-05-18;2021-05-18;0;4;4425.61;85640.14;22;7;2;488;7
489;2021-05-18;2021-05-18;0;3;6626.88;140672.03;33;5;2;489;8
490;2021-05-18;2021-05-18;0;4;4619.04;90476.08;23;7;3;490;9
491;2021-05-18;2021-05-18;0;5;4894.22;97355.4;24;7;3;491;10
492;2021-05-18;2021-05-18;1;1;6404.05;135101.26;32;5;1;492;11
493;2021-05-18;2021-05-18;0;3;6294.08;132352.1;31;6;2;493;12
494;2021-05-18;2021-05-18;0;4;3910.01;72750.2;20;8;2;494;13
495;2021-05-18;2021-05-18;1;1;4126.93;78173.22;21;8;1;495;14
496;2021-05-18;2021-05-18;0;5;3641.92;66048.02;18;8;3;496;15
497;2021-05-18;2021-05-18;0;2;5181.85;104546.18;26;6;2;497;16
498;2021-05-18;2021-05-18;1;1;5164.84;104121.02;26;6;1;498;17
499;2021-05-18;2021-05-18;0;4;5364.11;109102.87;27;6;2;499;18
500;2021-05-18;2021-05-18;0;4;5552.16;113803.94;28;6;3;500;1
501;2021-05-18;2021-05-18;0;2;4398.11;84952.68;22;7;2;501;2
502;2021-05-18;2021-05-18;0;2;4006.3;75157.54;20;8;2;502;3
503;2021-05-18;2021-05-18;0;2;6026.79;125669.63;30;6;2;503;4
504;2021-05-18;2021-05-18;1;1;5751.06;118776.53;29;6;1;504;5
505;2021-05-18;2021-05-18;0;2;3490.83;62270.84;17;9;2;505;6
506;2021-05-18;2021-05-18;0;2;4904.85;97621.31;25;7;1;506;7
507;2021-05-18;2021-05-18;0;3;4104.05;77601.3;21;8;2;507;8
508;2021-05-18;2021-05-18;0;3;2929.25;48231.22;15;9;2;508;9
509;2021-05-18;2021-05-18;0;5;5150.12;103753;26;6;3;509;10
510;2021-05-18;2021-05-18;0;2;4920.79;98019.71;25;7;2;510;11
511;2021-05-18;2021-05-18;0;3;4902.63;97565.77;25;7;2;511;12
512;2021-05-18;2021-05-18;1;1;5216.15;105403.81;26;6;1;512;13
513;2021-05-18;2021-05-18;0;4;5882.47;122061.63;29;6;3;513;14
514;2021-05-18;2021-05-18;0;3;5205.6;105139.94;26;6;2;514;15
515;2021-05-18;2021-05-18;0;4;4383.56;84589.1;22;7;2;515;16
516;2021-05-18;2021-05-18;0;2;4265.2;81630.02;21;8;1;516;17
517;2021-05-18;2021-05-18;0;3;4868.2;96704.93;24;7;2;517;18
518;2021-05-18;2021-05-18;0;4;5310.02;107750.42;27;6;3;518;1
519;2021-05-18;2021-05-18;1;1;3960.32;74007.99;20;8;1;519;2
520;2021-05-18;2021-05-18;0;4;4815.69;95392.28;24;7;3;520;3
521;2021-05-18;2021-05-18;0;2;5967.27;124181.68;30;6;2;521;4
522;2021-05-18;2021-05-18;0;2;4891.72;97293;24;7;2;522;5
523;2021-05-18;2021-05-18;0;2;4301.58;82539.48;22;7;2;523;6
524;2021-05-18;2021-05-18;1;1;4724.05;93101.37;24;7;1;524;7
525;2021-05-18;2021-05-18;0;3;6114.65;127866.21;31;6;2;525;8
526;2021-05-18;2021-05-18;0;4;5550.04;113751.1;28;6;2;526;9
527;2021-05-18;2021-05-18;0;5;6236.68;130916.9;31;6;3;527;10
528;2021-05-18;2021-05-18;1;1;5139.1;103477.45;26;6;1;528;11
529;2021-05-18;2021-05-18;0;5;5410.28;110256.88;27;6;3;529;12
530;2021-05-18;2021-05-18;0;2;4441.54;86038.58;22;7;2;530;13
531;2021-05-18;2021-05-18;0;5;5605.37;115134.27;28;6;3;531;14
532;2021-05-18;2021-05-18;0;4;4493.67;87341.66;22;7;2;532;15
533;2021-05-18;2021-05-18;0;3;3579.43;64485.86;18;8;2;533;16
534;2021-05-18;2021-05-18;0;4;5127.99;103199.82;26;6;3;534;17
535;2021-05-18;2021-05-18;1;1;6945.85;148646.28;35;5;1;535;18
536;2021-05-18;2021-05-18;0;4;5800.91;120022.86;29;6;2;536;1
537;2021-05-18;2021-05-18;0;2;6165.25;129131.33;31;6;2;537;2
538;2021-05-18;2021-05-18;0;4;5358.86;108971.39;27;6;3;538;3
539;2021-05-18;2021-05-18;0;3;4391.44;84786.07;22;7;2;539;4
540;2021-05-18;2021-05-18;0;2;4797.76;94943.98;24;7;2;540;5
541;2021-05-18;2021-05-18;0;4;4726.75;93168.8;24;7;3;541;6
542;2021-05-18;2021-05-18;1;1;4531.3;88282.51;23;7;1;542;7
543;2021-05-18;2021-05-18;0;4;5704.17;117604.18;29;6;3;543;8
544;2021-05-18;2021-05-18;0;2;3802.64;70065.91;19;8;2;544;9
545;2021-05-18;2021-05-18;0;4;5866.37;121659.15;29;6;3;545;10
546;2021-05-18;2021-05-18;0;5;5864.15;121603.81;29;6;3;546;11
547;2021-05-18;2021-05-18;1;1;3801.38;70034.44;19;8;1;547;12
548;2021-05-18;2021-05-18;0;4;5639.49;115987.3;28;6;3;548;13
549;2021-05-18;2021-05-18;0;4;7430.23;160755.67;37;5;3;549;14
550;2021-05-18;2021-05-18;0;3;4442.78;86069.61;22;7;2;550;15
551;2021-05-18;2021-05-18;0;2;5844.9;121122.61;29;6;2;551;16
552;2021-05-18;2021-05-18;0;2;4217.8;80444.95;21;8;1;552;17
553;2021-05-18;2021-05-18;0;3;6110.71;127767.79;31;6;2;553;18
554;2021-05-18;2021-05-18;0;5;5249.82;106245.62;26;6;3;554;1
555;2021-05-18;2021-05-18;0;3;6651.92;141297.88;33;5;2;555;2
556;2021-05-18;2021-05-18;0;3;3541.03;63525.73;18;8;2;556;3
557;2021-05-18;2021-05-18;0;4;4948.7;98717.55;25;7;2;557;4
558;2021-05-18;2021-05-18;0;3;4473.07;86826.87;22;7;2;558;5
559;2021-05-18;2021-05-18;0;3;4802.74;95068.38;24;7;2;559;6
560;2021-05-18;2021-05-18;1;1;4370.42;84260.53;22;7;1;560;7
561;2021-05-18;2021-05-18;1;1;4166.16;79153.91;21;8;1;561;8
562;2021-05-18;2021-05-18;0;5;5578.72;114468.06;28;6;3;562;9
563;2021-05-18;2021-05-18;0;4;3912.42;72810.48;20;8;3;563;10
564;2021-05-18;2021-05-18;0;2;6484.03;137100.77;32;6;1;564;11
565;2021-05-18;2021-05-18;0;4;3813.79;70344.84;19;8;2;565;12
566;2021-05-18;2021-05-18;0;4;5101.08;102526.98;26;6;2;566;13
567;2021-05-18;2021-05-18;0;3;5532.99;113324.73;28;6;2;567;14
568;2021-05-18;2021-05-18;0;4;5586.74;114668.38;28;6;3;568;15
569;2021-05-18;2021-05-18;0;3;4698.25;92456.33;23;7;2;569;16
570;2021-05-18;2021-05-18;0;5;5079.5;101987.55;25;7;3;570;17
571;2021-05-18;2021-05-18;0;3;5961.26;124031.6;30;6;2;571;18
572;2021-05-18;2021-05-18;0;5;3543.53;63588.35;18;8;3;572;1
573;2021-05-18;2021-05-18;0;3;4218.26;80456.51;21;8;2;573;2
574;2021-05-18;2021-05-18;0;3;5320.4;108010.06;27;6;2;574;3
575;2021-05-18;2021-05-18;0;5;4555.22;88880.45;23;7;3;575;4
576;2021-05-18;2021-05-18;0;4;6370;134250.1;32;5;2;576;5
577;2021-05-18;2021-05-18;0;3;5673.25;116831.35;28;6;2;577;6
578;2021-05-18;2021-05-18;1;1;5072.17;101804.17;25;7;1;578;7
579;2021-05-18;2021-05-18;0;3;3492.24;62306.07;17;9;2;579;8
580;2021-05-18;2021-05-18;0;3;5026.1;100652.51;25;7;2;580;9
581;2021-05-18;2021-05-18;0;5;4683.58;92089.6;23;7;3;581;10
582;2021-05-18;2021-05-18;0;4;4897.65;97441.34;24;7;3;582;11
583;2021-05-18;2021-05-18;0;4;3818.44;70461.02;19;8;3;583;12
584;2021-05-18;2021-05-18;0;2;5498.66;112466.45;27;6;2;584;13
585;2021-05-18;2021-05-18;0;4;3961.04;74026.09;20;8;3;585;14
586;2021-05-18;2021-05-18;0;2;4773.78;94344.45;24;7;1;586;15
587;2021-05-18;2021-05-18;0;2;5381.43;109535.65;27;6;2;587;16
588;2021-05-18;2021-05-18;0;4;4216.48;80412.11;21;8;2;588;17
589;2021-05-18;2021-05-18;0;5;5582.99;114574.79;28;6;3;589;18
590;2021-05-18;2021-05-18;0;3;3683.49;67087.24;18;8;2;590;1
591;2021-05-18;2021-05-18;0;3;2190.23;29755.63;11;10;2;591;2
592;2021-05-18;2021-05-18;1;1;5464.97;111624.2;27;6;1;592;3
593;2021-05-18;2021-05-18;0;5;5840.54;121013.5;29;6;3;593;4
594;2021-05-18;2021-05-18;1;1;4714.15;92853.86;24;7;1;594;5
595;2021-05-18;2021-05-18;1;1;5504.13;112603.16;28;6;1;595;6
596;2021-05-18;2021-05-18;0;5;3844.08;71102.09;19;8;3;596;7
597;2021-05-18;2021-05-18;0;3;4872.85;96821.28;24;7;2;597;8
598;2021-05-18;2021-05-18;0;2;3058.48;51462.04;15;9;2;598;9
599;2021-05-18;2021-05-18;0;5;6181.18;129529.52;31;6;3;599;10
600;2021-05-18;2021-05-18;1;1;6859.91;146497.77;34;5;1;600;11
601;2021-05-18;2021-05-18;0;2;6074.01;126850.31;30;6;1;601;12
602;2021-05-18;2021-05-18;0;4;4972.65;99316.33;25;7;2;602;13
603;2021-05-18;2021-05-18;0;2;4966.67;99166.74;25;7;1;603;14
604;2021-05-18;2021-05-18;0;2;3483.93;62098.31;17;9;2;604;15
605;2021-05-18;2021-05-18;0;2;5790.39;119759.63;29;6;1;605;16
606;2021-05-18;2021-05-18;0;4;4789.27;94731.65;24;7;3;606;17
607;2021-05-18;2021-05-18;0;2;4343.26;83581.43;22;7;1;607;18
608;2021-05-18;2021-05-18;0;4;3587.97;64699.36;18;8;3;608;1
609;2021-05-18;2021-05-18;0;2;4700.24;92505.94;24;7;2;609;2
610;2021-05-18;2021-05-18;0;2;4150.94;78773.47;21;8;2;610;3
611;2021-05-18;2021-05-18;0;4;4602.97;90074.24;23;7;2;611;4
612;2021-05-18;2021-05-18;1;1;3782.4;69560;19;8;1;612;5
613;2021-05-18;2021-05-18;1;1;6687.59;142189.74;33;5;1;613;6
614;2021-05-18;2021-05-18;0;5;4984;99599.94;25;7;3;614;7
615;2021-05-18;2021-05-18;0;3;6074.95;126873.63;30;6;2;615;8
616;2021-05-18;2021-05-18;0;4;2398.3;34957.51;12;10;3;616;9
617;2021-05-18;2021-05-18;0;5;4546.8;88670.05;23;7;3;617;10
618;2021-05-18;2021-05-18;0;4;4324.52;83112.94;22;7;3;618;11
619;2021-05-18;2021-05-18;0;5;3777.07;69426.85;19;8;3;619;12
620;2021-05-18;2021-05-18;1;1;6546.61;138665.23;33;5;1;620;13
621;2021-05-18;2021-05-18;0;5;3584.72;64617.95;18;8;3;621;14
622;2021-05-18;2021-05-18;0;4;5318.39;107959.76;27;6;3;622;15
623;2021-05-18;2021-05-18;0;4;5846.44;121160.91;29;6;3;623;16
624;2021-05-18;2021-05-18;0;3;5178.19;104454.75;26;6;2;624;17
625;2021-05-18;2021-05-18;1;1;4124.74;78118.61;21;8;1;625;18
626;2021-05-18;2021-05-18;0;2;5941.17;123529.15;30;6;2;626;1
627;2021-05-18;2021-05-18;0;2;5170.59;104264.7;26;6;2;627;2
628;2021-05-18;2021-05-18;0;4;3936.5;73412.55;20;8;3;628;3
629;2021-05-18;2021-05-18;0;2;3611.95;65298.77;18;8;2;629;4
630;2021-05-18;2021-05-18;0;2;7086.72;152167.94;35;5;2;630;5
631;2021-05-18;2021-05-18;0;4;4321.5;83037.42;22;7;3;631;6
632;2021-05-18;2021-05-18;0;4;3144.43;53610.71;16;9;3;632;7
633;2021-05-18;2021-05-18;0;3;5533.26;113331.48;28;6;2;633;8
634;2021-05-18;2021-05-18;0;4;5310.23;107755.76;27;6;2;634;9
635;2021-05-18;2021-05-18;1;1;3646.17;66154.14;18;8;1;635;10
636;2021-05-18;2021-05-18;0;2;3057.04;51426.09;15;9;1;636;11
637;2021-05-18;2021-05-18;0;5;4883.7;97092.44;24;7;3;637;12
638;2021-05-18;2021-05-18;0;4;6139.4;128484.91;31;6;3;638;13
639;2021-05-18;2021-05-18;0;4;5636.12;115903.1;28;6;3;639;14
640;2021-05-18;2021-05-18;0;3;4507.06;87676.56;23;7;2;640;15
641;2021-05-18;2021-05-18;0;3;4165.81;79145.29;21;8;2;641;16
642;2021-05-18;2021-05-18;0;4;5271.07;106776.67;26;6;3;642;17
643;2021-05-18;2021-05-18;0;5;5157.35;103933.83;26;6;3;643;18
644;2021-05-18;2021-05-18;0;3;5629.71;115742.79;28;6;2;644;18
645;2021-05-18;2021-05-18;1;1;4604.2;90105.05;23;7;1;645;1
646;2021-05-18;2021-05-18;0;4;5899.35;122483.85;29;6;2;646;2
647;2021-05-18;2021-05-18;0;4;4169.19;79229.71;21;8;2;647;3
648;2021-05-18;2021-05-18;1;1;4669.46;91736.38;23;7;1;648;4
649;2021-05-18;2021-05-18;0;2;5740.81;118520.36;29;6;2;649;5
650;2021-05-18;2021-05-18;0;3;5989.97;124749.29;30;6;2;650;6
651;2021-05-18;2021-05-18;0;4;3061.5;51537.38;15;9;3;651;7
652;2021-05-18;2021-05-18;0;5;5107.19;102679.76;26;6;3;652;8
653;2021-05-18;2021-05-18;0;3;5608.78;115219.48;28;6;2;653;9
654;2021-05-18;2021-05-18;0;3;3549.18;63729.39;18;8;2;654;10
655;2021-05-18;2021-05-18;0;4;5480.63;112015.64;27;6;2;655;11
656;2021-05-18;2021-05-18;0;4;4171.83;79295.64;21;8;3;656;1
657;2021-05-18;2021-05-18;0;5;6020.25;125506.33;30;6;3;657;2
658;2021-05-18;2021-05-18;1;1;5538.48;113462.05;28;6;1;658;3
659;2021-05-18;2021-05-18;0;3;5769.05;119226.31;29;6;2;659;4
660;2021-05-18;2021-05-18;0;2;5120.72;103017.98;26;6;2;660;5
661;2021-05-18;2021-05-18;0;4;5863.65;121591.21;29;6;3;661;6
662;2021-05-18;2021-05-18;0;4;6380.51;134512.86;32;5;3;662;7
663;2021-05-18;2021-05-18;1;1;6966.25;149156.2;35;5;1;663;8
664;2021-05-18;2021-05-18;0;4;4971.6;99290.12;25;7;2;664;9
665;2021-05-18;2021-05-18;0;2;2750.95;43773.72;14;9;1;665;10
666;2021-05-18;2021-05-18;1;1;5031.53;100788.15;25;7;1;666;11
667;2021-05-18;2021-05-18;0;5;5205.56;105139.03;26;6;3;667;12
668;2021-05-18;2021-05-18;0;2;4844.65;96116.37;24;7;1;668;13
669;2021-05-18;2021-05-18;0;4;5568.29;114207.22;28;6;2;669;14
670;2021-05-18;2021-05-18;0;2;6010.68;125266.95;30;6;1;670;15
671;2021-05-18;2021-05-18;1;1;4482.02;87050.44;22;7;1;671;16
672;2021-05-18;2021-05-18;0;3;4705.9;92647.62;24;7;2;672;17
673;2021-05-18;2021-05-18;1;1;5397.84;109946.06;27;6;1;673;18
674;2021-05-18;2021-05-18;0;2;4449.78;86244.41;22;7;2;674;1
675;2021-05-18;2021-05-18;0;3;5091.27;102281.68;25;7;2;675;2
676;2021-05-18;2021-05-18;0;3;3038.29;50957.31;15;9;2;676;3
677;2021-05-18;2021-05-18;0;4;3880.1;72002.51;19;8;3;677;4
678;2021-05-18;2021-05-18;0;2;3672.24;66806.11;18;8;1;678;5
679;2021-05-18;2021-05-18;0;3;4146.38;78659.41;21;8;2;679;6
680;2021-05-18;2021-05-18;0;3;4306.7;82667.39;22;7;2;680;7
681;2021-05-18;2021-05-18;0;4;5382.31;109557.63;27;6;2;681;8
682;2021-05-18;2021-05-18;0;4;5982.11;124552.83;30;6;2;682;9
683;2021-05-18;2021-05-18;0;4;4272.62;81815.41;21;8;3;683;10
684;2021-05-18;2021-05-18;0;5;4003.16;75079.03;20;8;3;684;11
685;2021-05-18;2021-05-18;0;5;3958.31;73957.78;20;8;3;685;12
686;2021-05-18;2021-05-18;0;3;4585.41;89635.28;23;7;2;686;13
687;2021-05-18;2021-05-18;0;3;4760.97;94024.27;24;7;2;687;14
688;2021-05-18;2021-05-18;0;2;5483.62;112090.44;27;6;1;688;15
689;2021-05-18;2021-05-18;0;3;4678.68;91966.88;23;7;2;689;16
690;2021-05-18;2021-05-18;0;2;2921.51;48037.77;15;9;2;690;17
691;2021-05-18;2021-05-18;1;1;4908.57;97714.14;25;7;1;691;18
692;2021-05-18;2021-05-18;0;4;6187.19;129679.67;31;6;2;692;1
693;2021-05-18;2021-05-18;0;3;6191.6;129790.03;31;6;2;693;2
694;2021-05-18;2021-05-18;0;2;4211.04;80275.92;21;8;1;694;3
695;2021-05-18;2021-05-18;0;2;3452.22;61305.59;17;9;2;695;4
696;2021-05-18;2021-05-18;0;3;7458.06;161451.51;37;5;2;696;5
697;2021-05-18;2021-05-18;0;2;4837.58;95939.45;24;7;1;697;6
698;2021-05-18;2021-05-18;1;1;4902.55;97563.72;25;7;1;698;7
699;2021-05-18;2021-05-18;0;3;5420.57;110514.35;27;6;2;699;8
700;2021-05-18;2021-05-18;0;2;3385.96;59649.01;17;9;2;700;9
701;2021-05-18;2021-05-18;0;4;4271.78;81794.52;21;8;3;701;10
702;2021-05-18;2021-05-18;0;2;3459.56;61488.94;17;9;2;702;11
703;2021-05-18;2021-05-18;1;1;4306.91;82672.63;22;7;1;703;12
704;2021-05-18;2021-05-18;0;4;5118.85;102971.24;26;6;3;704;13
705;2021-05-18;2021-05-18;0;2;3635.29;65882.26;18;8;2;705;14
706;2021-05-18;2021-05-18;0;4;5589.98;114749.57;28;6;2;706;15
707;2021-05-18;2021-05-18;0;3;5289.34;107233.6;26;6;2;707;16
708;2021-05-18;2021-05-18;0;3;4095.78;77394.62;20;8;2;708;17
709;2021-05-18;2021-05-18;0;2;5226.32;105658.12;26;6;1;709;18
710;2021-05-18;2021-05-18;0;3;5748.08;118702.03;29;6;2;710;1
711;2021-05-18;2021-05-18;0;4;6061.1;126527.38;30;6;2;711;2
712;2021-05-18;2021-05-18;0;3;4787.15;94678.79;24;7;2;712;3
713;2021-05-18;2021-05-18;0;4;4906.36;97659.08;25;7;2;713;4
714;2021-05-18;2021-05-18;0;4;4913.29;97832.15;25;7;2;714;5
715;2021-05-18;2021-05-18;0;3;6441.46;136036.54;32;5;2;715;6
716;2021-05-18;2021-05-18;0;3;6125.07;128126.8;31;6;2;716;7
717;2021-05-18;2021-05-18;1;1;5834.4;120860.04;29;6;1;717;8
718;2021-05-18;2021-05-18;1;1;4712.66;92816.48;24;7;1;718;9
719;2021-05-18;2021-05-18;0;5;5373.24;109331.04;27;6;3;719;10
720;2021-05-18;2021-05-18;1;1;5403.29;110082.26;27;6;1;720;11
721;2021-05-18;2021-05-18;0;3;3958.33;73958.17;20;8;2;721;12
722;2021-05-18;2021-05-18;0;4;3271.7;56792.39;16;9;2;722;13
723;2021-05-18;2021-05-18;0;4;5641.83;116045.75;28;6;2;723;14
724;2021-05-18;2021-05-18;0;4;3470.69;61767.24;17;9;3;724;15
725;2021-05-18;2021-05-18;0;3;5001.68;100042.09;25;7;2;725;16
726;2021-05-18;2021-05-18;0;4;5250.25;106256.2;26;6;3;726;17
727;2021-05-18;2021-05-18;0;4;5563.87;114096.68;28;6;3;727;18
728;2021-05-18;2021-05-18;0;3;5189.43;104735.66;26;6;2;728;1
729;2021-05-18;2021-05-18;0;4;4267.15;81678.65;21;8;3;729;2
730;2021-05-18;2021-05-18;1;1;5986.37;124659.15;30;6;1;730;3
731;2021-05-18;2021-05-18;0;3;6738.63;143465.84;34;5;2;731;4
732;2021-05-18;2021-05-18;0;4;5881.18;122029.47;29;6;3;732;5
733;2021-05-18;2021-05-18;0;4;3056.35;51408.73;15;9;2;733;6
734;2021-05-18;2021-05-18;0;5;6399.58;134989.4;32;5;3;734;7
735;2021-05-18;2021-05-18;0;2;4943.94;98598.6;25;7;1;735;8
736;2021-05-18;2021-05-18;0;2;5524.91;113122.86;28;6;2;736;9
737;2021-05-18;2021-05-18;0;4;5622.03;115550.83;28;6;3;737;10
738;2021-05-18;2021-05-18;0;5;4903.31;97582.85;25;7;3;738;11
739;2021-05-18;2021-05-18;0;2;4924.74;98118.42;25;7;2;739;12
740;2021-05-18;2021-05-18;1;1;6019.16;125478.93;30;6;1;740;13
741;2021-05-18;2021-05-18;0;5;5711.6;117790.05;29;6;3;741;14
742;2021-05-18;2021-05-18;0;2;5990.26;124756.56;30;6;1;742;15
743;2021-05-18;2021-05-18;1;1;7382.93;159573.17;37;5;1;743;16
744;2021-05-18;2021-05-18;0;3;5664.42;116610.4;28;6;2;744;17
745;2021-05-18;2021-05-18;0;2;5207.38;105184.53;26;6;2;745;1
746;2021-05-18;2021-05-18;0;3;2789.37;44734.17;14;10;2;746;2
747;2021-05-18;2021-05-18;0;4;7691.71;167292.85;38;5;3;747;3
748;2021-05-18;2021-05-18;1;1;4517.32;87933.08;23;7;1;748;4
749;2021-05-18;2021-05-18;0;4;7374.73;159368.37;37;5;2;749;5
750;2021-05-18;2021-05-18;0;5;5374.64;109366.09;27;6;3;750;6
751;2021-05-18;2021-05-18;0;2;6538.43;138460.75;33;5;2;751;7
752;2021-05-18;2021-05-18;0;2;4890.29;97257.24;24;7;1;752;8
753;2021-05-18;2021-05-18;0;2;5511.47;112786.77;28;6;1;753;9
754;2021-05-18;2021-05-18;1;1;5213.96;105348.95;26;6;1;754;10
755;2021-05-18;2021-05-18;0;3;4813.88;95346.98;24;7;2;755;11
756;2021-05-18;2021-05-18;0;3;4879.61;96990.15;24;7;2;756;12
757;2021-05-18;2021-05-18;0;3;6012.83;125320.86;30;6;2;757;13
758;2021-05-18;2021-05-18;0;5;4798.54;94963.55;24;7;3;758;14
759;2021-05-18;2021-05-18;1;1;2962.32;49057.94;15;9;1;759;15
760;2021-05-18;2021-05-18;0;2;4804.11;95102.77;24;7;1;760;16
761;2021-05-18;2021-05-18;0;3;5539.79;113494.77;28;6;2;761;17
762;2021-05-18;2021-05-18;0;2;5616.46;115411.39;28;6;1;762;18
763;2021-05-18;2021-05-18;0;3;5616.57;115414.2;28;6;2;763;1
764;2021-05-18;2021-05-18;0;3;3307.9;57697.46;17;9;2;764;2
765;2021-05-18;2021-05-18;0;3;5368.74;109218.55;27;6;2;765;3
766;2021-05-18;2021-05-18;0;2;5967.86;124196.48;30;6;1;766;4
767;2021-05-18;2021-05-18;0;2;6276.58;131914.47;31;6;1;767;5
768;2021-05-18;2021-05-18;0;3;4775.04;94375.97;24;7;2;768;6
769;2021-05-18;2021-05-18;0;4;4678.11;91952.69;23;7;2;769;7
770;2021-05-18;2021-05-18;0;4;6487.84;137195.95;32;6;2;770;8
771;2021-05-18;2021-05-18;0;5;3332.07;58301.8;17;9;3;771;9
772;2021-05-18;2021-05-18;0;4;4563.17;89079.25;23;7;3;772;10
773;2021-05-18;2021-05-18;0;4;5457.46;111436.55;27;6;2;773;11
774;2021-05-18;2021-05-18;0;4;3382.23;59555.66;17;9;3;774;12
775;2021-05-18;2021-05-18;0;2;5279.63;106990.7;26;6;1;775;13
776;2021-05-18;2021-05-18;0;2;6877.86;146946.6;34;5;2;776;14
777;2021-05-18;2021-05-18;0;2;4995.94;99898.48;25;7;2;777;15
778;2021-05-18;2021-05-18;0;3;4721.55;93038.65;24;7;2;778;16
779;2021-05-18;2021-05-18;0;4;5474.91;111872.79;27;6;2;779;17
780;2021-05-18;2021-05-18;0;4;4720.93;93023.2;24;7;3;780;1
781;2021-05-18;2021-05-18;0;2;5813.4;120335.01;29;6;2;781;2
782;2021-05-18;2021-05-18;0;4;5904.44;122610.89;30;6;3;782;3
783;2021-05-18;2021-05-18;1;1;5002.69;100067.29;25;7;1;783;4
784;2021-05-18;2021-05-18;0;4;3823.31;70582.7;19;8;2;784;5
785;2021-05-18;2021-05-18;0;4;3681.78;67044.48;18;8;3;785;6
786;2021-05-18;2021-05-18;0;3;4407;85175.07;22;7;2;786;7
787;2021-05-18;2021-05-18;0;2;5797.38;119934.51;29;6;1;787;8
788;2021-05-18;2021-05-18;1;1;3041.79;51044.87;15;9;1;788;9
789;2021-05-18;2021-05-18;0;2;3113.67;52841.87;16;9;2;789;10
790;2021-05-18;2021-05-18;0;5;4346.22;83655.5;22;7;3;790;11
791;2021-05-18;2021-05-18;0;5;5394.39;109859.87;27;6;3;791;12
792;2021-05-18;2021-05-18;0;3;4086.43;77160.85;20;8;2;792;13
793;2021-05-18;2021-05-18;0;2;5886.75;122168.73;29;6;1;793;14
794;2021-05-18;2021-05-18;0;3;5333.37;108334.25;27;6;2;794;15
795;2021-05-18;2021-05-18;0;4;4829.36;95734.01;24;7;3;795;16
796;2021-05-18;2021-05-18;0;3;5818.83;120470.7;29;6;2;796;17
797;2021-05-18;2021-05-18;1;1;5388.37;109709.13;27;6;1;797;18
798;2021-05-18;2021-05-18;0;2;4554.06;88851.62;23;7;2;798;1
799;2021-05-18;2021-05-18;0;2;5231.11;105777.87;26;6;2;799;2
800;2021-05-18;2021-05-18;0;2;5647.51;116187.83;28;6;2;800;3
801;2021-05-18;2021-05-18;0;3;5356.28;108907.08;27;6;2;801;4
802;2021-05-18;2021-05-18;0;2;4341.99;83549.74;22;7;2;802;5
803;2021-05-18;2021-05-18;1;1;5855.2;121380.06;29;6;1;803;6
804;2021-05-18;2021-05-18;1;1;6152.94;128823.41;31;6;1;804;7
805;2021-05-18;2021-05-18;0;2;5276.27;106906.86;26;6;2;805;8
806;2021-05-18;2021-05-18;0;5;5144.1;103602.62;26;6;3;806;9
807;2021-05-18;2021-05-18;0;3;4924.37;98109.37;25;7;2;807;10
808;2021-05-18;2021-05-18;0;3;7161.42;154035.4;36;5;2;808;11
809;2021-05-18;2021-05-18;0;4;5276.32;106907.89;26;6;2;809;12
810;2021-05-18;2021-05-18;0;4;4841.71;96042.65;24;7;2;810;13
811;2021-05-18;2021-05-18;1;1;2492.08;37302.05;12;10;1;811;14
812;2021-05-18;2021-05-18;0;4;3434.72;60867.96;17;9;2;812;15
813;2021-05-18;2021-05-18;0;2;4922.33;98058.17;25;7;2;813;16
814;2021-05-18;2021-05-18;0;5;5206.29;105157.35;26;6;3;814;17
815;2021-05-18;2021-05-18;0;4;5276.87;106921.81;26;6;3;815;16
816;2021-05-18;2021-05-18;0;2;5821.51;120537.67;29;6;1;816;17
817;2021-05-18;2021-05-18;0;2;4805.85;95146.19;24;7;2;817;18
818;2021-05-18;2021-05-18;0;2;6214.59;130364.72;31;6;1;818;1
819;2021-05-18;2021-05-18;0;3;4078.48;76962.1;20;8;2;819;2
820;2021-05-18;2021-05-18;0;3;3791.56;69788.93;19;8;2;820;3
821;2021-05-18;2021-05-18;0;4;3771.01;69275.35;19;8;2;821;4
822;2021-05-18;2021-05-18;0;2;5742.3;118557.43;29;6;2;822;5
823;2021-05-18;2021-05-18;0;3;4917.08;97927;25;7;2;823;6
824;2021-05-18;2021-05-18;0;5;5789.82;119745.45;29;6;3;824;7
825;2021-05-18;2021-05-18;0;4;4732.29;93307.34;24;7;2;825;8
826;2021-05-18;2021-05-18;1;1;4408.11;85202.7;22;7;1;826;9
827;2021-05-18;2021-05-18;0;3;4631.65;90791.19;23;7;2;827;10
828;2021-05-18;2021-05-18;1;1;3147.38;53684.58;16;9;1;828;11
829;2021-05-18;2021-05-18;0;2;3830.38;70759.62;19;8;2;829;12
830;2021-05-18;2021-05-18;0;4;3557.97;63949.13;18;8;2;830;13
831;2021-05-18;2021-05-18;1;1;6054.32;126358.06;30;6;1;831;14
832;2021-05-18;2021-05-18;0;4;4402.67;85066.75;22;7;3;832;15
833;2021-05-18;2021-05-18;0;3;5789.46;119736.5;29;6;2;833;16
834;2021-05-18;2021-05-18;0;4;6516.49;137912.27;33;5;2;834;17
835;2021-05-18;2021-05-18;0;4;4808.23;95205.63;24;7;2;835;1
836;2021-05-18;2021-05-18;0;3;5283.88;107096.97;26;6;2;836;2
837;2021-05-18;2021-05-18;0;4;3248.93;56223.31;16;9;2;837;3
838;2021-05-18;2021-05-18;0;4;4181.33;79533.26;21;8;2;838;4
839;2021-05-18;2021-05-18;0;2;5056.21;101405.37;25;7;2;839;5
840;2021-05-18;2021-05-18;1;1;5299.09;107477.17;26;7;1;840;6
841;2021-05-18;2021-05-18;0;5;4240.6;81015.05;21;8;3;841;7
842;2021-05-18;2021-05-18;0;4;7684.86;167121.47;38;5;2;842;8
843;2021-05-18;2021-05-18;0;3;4541.61;88540.25;23;7;2;843;9
844;2021-05-18;2021-05-18;1;1;5064.24;101606.09;25;7;1;844;10
845;2021-05-18;2021-05-18;0;3;5649.79;116244.8;28;6;2;845;11
846;2021-05-18;2021-05-18;0;2;4973.98;99349.53;25;7;2;846;12
847;2021-05-18;2021-05-18;0;5;4356.43;83910.82;22;7;3;847;13
848;2021-05-18;2021-05-18;1;1;6045.31;126132.64;30;6;1;848;14
849;2021-05-18;2021-05-18;0;2;6615.55;140388.63;33;5;1;849;15
850;2021-05-18;2021-05-18;0;2;4970.31;99257.65;25;7;1;850;16
851;2021-05-18;2021-05-18;0;2;5562.27;114056.68;28;6;2;851;17
852;2021-05-18;2021-05-18;0;4;4902.59;97564.69;25;7;2;852;18
853;2021-05-18;2021-05-18;0;5;6016.46;125411.38;30;6;3;853;1
854;2021-05-18;2021-05-18;0;4;3843.83;71095.82;19;8;2;854;2
855;2021-05-18;2021-05-18;0;3;7320.86;158021.51;37;5;2;855;3
856;2021-05-18;2021-05-18;0;3;4396.47;84911.72;22;7;2;856;4
857;2021-05-18;2021-05-18;0;5;3541.15;63528.76;18;8;3;857;5
858;2021-05-18;2021-05-18;1;1;4649.08;91227.05;23;7;1;858;6
859;2021-05-18;2021-05-18;1;1;5146.71;103667.71;26;6;1;859;7
860;2021-05-18;2021-05-18;0;5;6623.62;140590.53;33;5;3;860;8
861;2021-05-18;2021-05-18;0;3;5911.21;122780.24;30;6;2;861;9
862;2021-05-18;2021-05-18;1;1;5142.46;103561.46;26;6;1;862;10
863;2021-05-18;2021-05-18;0;4;3610.52;65262.91;18;8;2;863;11
864;2021-05-18;2021-05-18;0;3;4133.96;78349.06;21;8;2;864;12
865;2021-05-18;2021-05-18;0;3;4836.72;95917.88;24;7;2;865;13
866;2021-05-18;2021-05-18;0;2;7553.03;163825.65;38;5;2;866;14
867;2021-05-18;2021-05-18;0;2;3139.77;53494.31;16;9;1;867;15
868;2021-05-18;2021-05-18;1;1;6131.05;128276.37;31;6;1;868;16
869;2021-05-18;2021-05-18;0;3;4472.77;86819.14;22;7;2;869;17
870;2021-05-18;2021-05-18;0;3;6665.99;141649.77;33;5;2;870;16
871;2021-05-18;2021-05-18;0;2;3860.8;71519.98;19;8;1;871;17
872;2021-05-18;2021-05-18;0;2;5143.62;103590.58;26;6;1;872;18
873;2021-05-18;2021-05-18;0;4;3900.45;72511.23;20;8;3;873;1
874;2021-05-18;2021-05-18;0;3;5903.52;122587.91;30;6;2;874;2
875;2021-05-18;2021-05-18;0;4;6483.78;137094.49;32;6;3;875;3
876;2021-05-18;2021-05-18;0;4;6950.72;148768.03;35;5;2;876;4
877;2021-05-18;2021-05-18;1;1;5797.6;119940.02;29;6;1;877;5
878;2021-05-18;2021-05-18;0;4;6843.27;146081.66;34;5;2;878;6
879;2021-05-18;2021-05-18;0;5;6246.42;131160.6;31;6;3;879;7
880;2021-05-18;2021-05-18;0;4;4868.13;96703.13;24;7;2;880;8
881;2021-05-18;2021-05-18;1;1;5477.04;111925.93;27;6;1;881;9
882;2021-05-18;2021-05-18;0;5;4028.01;75700.14;20;8;3;882;10
883;2021-05-18;2021-05-18;0;4;4814.8;95369.95;24;7;2;883;11
884;2021-05-18;2021-05-18;0;2;6220.96;130524.09;31;6;1;884;12
885;2021-05-18;2021-05-18;0;4;5541.28;113532.1;28;6;2;885;13
886;2021-05-18;2021-05-18;0;5;5457.36;111433.93;27;6;3;886;14
887;2021-05-18;2021-05-18;0;3;3961.87;74046.72;20;8;2;887;15
888;2021-05-18;2021-05-18;0;2;4395.49;84887.17;22;7;2;888;16
889;2021-05-18;2021-05-18;0;2;4235.39;80884.85;21;8;2;889;17
890;2021-05-18;2021-05-18;0;2;5395.3;109882.4;27;6;1;890;1
891;2021-05-18;2021-05-18;0;3;4009.49;75237.31;20;8;2;891;2
892;2021-05-18;2021-05-18;0;4;5562.04;114051.03;28;6;3;892;3
893;2021-05-18;2021-05-18;0;4;3883.58;72089.59;19;8;2;893;4
894;2021-05-18;2021-05-18;0;3;6828.53;145713.26;34;5;2;894;5
895;2021-05-18;2021-05-18;0;4;5460.59;111514.78;27;6;3;895;6
896;2021-05-18;2021-05-18;0;4;4299;82474.91;21;8;3;896;7
897;2021-05-18;2021-05-18;1;1;5241.05;106026.15;26;6;1;897;8
898;2021-05-18;2021-05-18;0;3;4647.55;91188.67;23;7;2;898;9
899;2021-05-18;2021-05-18;1;1;5371.15;109278.7;27;6;1;899;10
900;2021-05-18;2021-05-18;0;4;5243.53;106088.32;26;6;3;900;11
901;2021-05-18;2021-05-18;0;5;3985.89;74647.15;20;8;3;901;12
902;2021-05-18;2021-05-18;0;3;4208.69;80217.15;21;8;2;902;13
903;2021-05-18;2021-05-18;0;4;5299.59;107489.84;26;7;3;903;14
904;2021-05-18;2021-05-18;0;3;6639.05;140976.3;33;5;2;904;15
905;2021-05-18;2021-05-18;0;4;6084.62;127115.43;30;6;2;905;16
906;2021-05-18;2021-05-18;0;3;4375.43;84385.81;22;7;2;906;17
907;2021-05-18;2021-05-18;0;4;5825.92;120648.07;29;6;3;907;18
908;2021-05-18;2021-05-18;0;5;4951.43;98785.79;25;7;3;908;1
909;2021-05-18;2021-05-18;0;4;5301.31;107532.84;27;6;3;909;2
910;2021-05-18;2021-05-18;1;1;5260.36;106509.04;26;6;1;910;3
911;2021-05-18;2021-05-18;1;1;7575.45;164386.24;38;5;1;911;4
912;2021-05-18;2021-05-18;1;1;3814.71;70367.78;19;8;1;912;5
913;2021-05-18;2021-05-18;0;4;5100.92;102523;26;6;3;913;6
914;2021-05-18;2021-05-18;0;3;3220.02;55500.57;16;9;2;914;7
915;2021-05-18;2021-05-18;0;2;5589.84;114745.9;28;6;2;915;8
916;2021-05-18;2021-05-18;0;5;6096.61;127415.21;30;6;3;916;9
917;2021-05-18;2021-05-18;0;3;6445.66;136141.56;32;6;2;917;10
918;2021-05-18;2021-05-18;0;3;3074.85;51871.37;15;9;2;918;11
919;2021-05-18;2021-05-18;0;3;5412.77;110319.24;27;6;2;919;12
920;2021-05-18;2021-05-18;0;2;6593.37;139834.25;33;5;2;920;13
921;2021-05-18;2021-05-18;0;4;4585.98;89649.6;23;7;3;921;14
922;2021-05-18;2021-05-18;1;1;4787.85;94696.24;24;7;1;922;15
923;2021-05-18;2021-05-18;0;2;4963.46;99086.57;25;7;2;923;16
924;2021-05-18;2021-05-18;0;4;5365.02;109125.47;27;6;3;924;17
925;2021-05-18;2021-05-18;0;4;5665.16;116629;28;6;2;925;16
926;2021-05-18;2021-05-18;0;4;6317.82;132945.52;32;5;2;926;17
927;2021-05-18;2021-05-18;0;2;4904.51;97612.81;25;7;2;927;18
928;2021-05-18;2021-05-18;0;3;5196.28;104906.95;26;6;2;928;1
929;2021-05-18;2021-05-18;0;2;7488;162199.95;37;5;1;929;2
930;2021-05-18;2021-05-18;0;4;5431.1;110777.47;27;6;3;930;3
931;2021-05-18;2021-05-18;0;5;5188.75;104718.83;26;6;3;931;4
932;2021-05-18;2021-05-18;0;2;3657.76;66443.92;18;8;1;932;5
933;2021-05-18;2021-05-18;0;4;5002.86;100071.4;25;7;3;933;6
934;2021-05-18;2021-05-18;0;3;4778.67;94466.85;24;7;2;934;7
935;2021-05-18;2021-05-18;0;5;4988.95;99723.85;25;7;3;935;8
936;2021-05-18;2021-05-18;0;2;4424.58;85614.56;22;7;1;936;9
937;2021-05-18;2021-05-18;0;3;4313.18;82829.61;22;7;2;937;10
938;2021-05-18;2021-05-18;0;4;4279.23;81980.66;21;8;3;938;11
939;2021-05-18;2021-05-18;0;4;4785.5;94637.39;24;7;3;939;12
940;2021-05-18;2021-05-18;1;1;6368.13;134203.32;32;5;1;940;13
941;2021-05-18;2021-05-18;0;5;6049.09;126227.17;30;6;3;941;14
942;2021-05-18;2021-05-18;0;3;4640.02;91000.62;23;7;2;942;15
943;2021-05-18;2021-05-18;0;3;3314.08;57852.09;17;9;2;943;16
944;2021-05-18;2021-05-18;0;3;4155.42;78885.41;21;8;2;944;17
945;2021-05-18;2021-05-18;1;1;4542.24;88555.99;23;7;1;945;1
946;2021-05-18;2021-05-18;0;2;5103.64;102590.95;26;6;1;946;2
947;2021-05-18;2021-05-18;0;3;4337.39;83434.82;22;7;2;947;3
948;2021-05-18;2021-05-18;0;2;7006.68;150167.02;35;5;2;948;4
949;2021-05-18;2021-05-18;0;3;4727.73;93193.31;24;7;2;949;5
950;2021-05-18;2021-05-18;0;2;3786.06;69651.39;19;8;2;950;6
951;2021-05-18;2021-05-18;0;3;4858.74;96468.46;24;7;2;951;7
952;2021-05-18;2021-05-18;0;2;3994.62;74865.56;20;8;1;952;8
953;2021-05-18;2021-05-18;0;5;5156.16;103903.89;26;6;3;953;9
954;2021-05-18;2021-05-18;1;1;5233.63;105840.84;26;6;1;954;10
955;2021-05-18;2021-05-18;0;2;5355.59;108889.69;27;6;2;955;11
956;2021-05-18;2021-05-18;0;5;3378.14;59453.54;17;9;3;956;12
957;2021-05-18;2021-05-18;0;4;5220.71;105517.78;26;6;2;957;13
958;2021-05-18;2021-05-18;1;1;5310.45;107761.25;27;6;1;958;14
959;2021-05-18;2021-05-18;0;3;3578.89;64472.29;18;8;2;959;15
960;2021-05-18;2021-05-18;0;3;5955.37;123884.14;30;6;2;960;16
961;2021-05-18;2021-05-18;0;3;5784.17;119604.27;29;6;2;961;17
962;2021-05-18;2021-05-18;0;3;7299.62;157490.48;36;5;2;962;18
963;2021-05-18;2021-05-18;0;3;5156.7;103917.57;26;6;2;963;1
964;2021-05-18;2021-05-18;0;2;5046.73;101168.34;25;7;1;964;2
965;2021-05-18;2021-05-18;0;5;5096.59;102414.65;25;7;3;965;3
966;2021-05-18;2021-05-18;0;3;5069.77;101744.16;25;7;2;966;4
967;2021-05-18;2021-05-18;0;3;3151.53;53788.18;16;9;2;967;5
968;2021-05-18;2021-05-18;1;1;3328.87;58221.82;17;9;1;968;6
969;2021-05-18;2021-05-18;0;4;4922.46;98061.53;25;7;3;969;7
970;2021-05-18;2021-05-18;0;3;4418.93;85473.32;22;7;2;970;8
971;2021-05-18;2021-05-18;0;4;5054.74;101368.41;25;7;3;971;9
972;2021-05-18;2021-05-18;1;1;2888.79;47219.79;14;10;1;972;10
973;2021-05-18;2021-05-18;0;4;3501.3;62532.54;18;8;3;973;11
974;2021-05-18;2021-05-18;0;2;3898.52;72462.91;19;8;2;974;12
975;2021-05-18;2021-05-18;0;2;5986.06;124651.46;30;6;2;975;13
976;2021-05-18;2021-05-18;0;4;3901.51;72537.75;20;8;2;976;14
977;2021-05-18;2021-05-18;0;5;4200.49;80012.15;21;8;3;977;15
978;2021-05-18;2021-05-18;1;1;5079.87;101996.85;25;7;1;978;16
979;2021-05-18;2021-05-18;0;2;4677.25;91931.34;23;7;2;979;17
980;2021-05-18;2021-05-18;0;3;5146.42;103660.43;26;6;2;980;16
981;2021-05-18;2021-05-18;0;3;7305.06;157626.55;37;5;2;981;17
982;2021-05-18;2021-05-18;0;4;3875.4;71884.91;19;8;2;982;18
983;2021-05-18;2021-05-18;0;5;4694.53;92363.26;23;7;3;983;1
984;2021-05-18;2021-05-18;0;4;4483.24;87081.01;22;7;2;984;2
985;2021-05-18;2021-05-18;0;5;6512.4;137809.89;33;5;3;985;3
986;2021-05-18;2021-05-18;0;4;4230.52;80762.88;21;8;3;986;4
987;2021-05-18;2021-05-18;0;2;4917.91;97947.83;25;7;1;987;5
988;2021-05-18;2021-05-18;0;2;5787.13;119678.34;29;6;1;988;6
989;2021-05-18;2021-05-18;0;2;3941.41;73535.24;20;8;1;989;7
990;2021-05-18;2021-05-18;0;3;6655.18;141379.4;33;5;2;990;8
991;2021-05-18;2021-05-18;1;1;5675.76;116894.06;28;6;1;991;9
992;2021-05-18;2021-05-18;0;2;3925.79;73144.83;20;8;1;992;10
993;2021-05-18;2021-05-18;0;3;5454.58;111364.45;27;6;2;993;11
994;2021-05-18;2021-05-18;0;3;4786.69;94667.32;24;7;2;994;12
995;2021-05-18;2021-05-18;0;3;5313.23;107830.72;27;6;2;995;13
996;2021-05-18;2021-05-18;0;4;4910.02;97750.62;25;7;3;996;14
997;2021-05-18;2021-05-18;0;4;6070.52;126762.9;30;6;2;997;15
998;2021-05-18;2021-05-18;0;3;3648.9;66222.49;18;8;2;998;16
999;2021-05-18;2021-05-18;0;4;4477.38;86934.58;22;7;2;999;17
1000;2021-05-18;2021-05-18;1;1;4750.81;93770.23;24;7;1;1000;1
