"idEntrada","dataHoraEntrada","dataHoraSaida","statusSaida","paginaSaida","statusSaida.1","paginaSaida.1","renda","valorImovel","tempoFinanciamento","porcentagemRenda","bancoEscolhido","fkCliente","fkRegiao"
1,"2021-06-14 01:46:41","2021-06-14 01:49:34","1",1,"1",1,4321.19,79475.33,22,8,2,1,6
2,"2021-06-14 01:46:41","2021-06-14 01:50:13","0",3,"0",3,5574.31,92318.57,24,6,1,2,14
3,"2021-06-14 01:46:41","2021-06-14 01:53:48","0",2,"0",2,4295.49,77447.55,33,7,0,3,8
4,"2021-06-14 01:46:41","2021-06-14 01:50:49","0",4,"0",4,4466.02,115676.72,25,7,2,4,16
5,"2021-06-14 01:46:41","2021-06-14 01:50:57","0",4,"0",4,5774.38,128008.88,26,6,0,5,17
6,"2021-06-14 01:46:41","2021-06-14 01:54:07","0",0,"0",0,4524.38,153180.34,34,9,2,6,2
7,"2021-06-14 01:46:41","2021-06-14 01:51:36","0",2,"0",2,4975.57,109152.86,27,5,1,7,10
8,"2021-06-14 01:46:41","2021-06-14 01:48:09","0",4,"0",4,6019.01,78130.47,19,6,0,8,16
9,"2021-06-14 01:46:41","2021-06-14 01:49:19","0",2,"0",2,3794.42,125611.87,22,4,1,9,10
10,"2021-06-14 01:46:41","2021-06-14 01:49:48","0",2,"0",2,6595.29,122618.97,23,6,1,10,9
11,"2021-06-14 01:46:41","2021-06-14 01:53:08","0",4,"0",4,7041.96,94043.78,31,3,1,11,17
12,"2021-06-14 01:46:41","2021-06-14 01:51:24","0",2,"0",2,5614.48,61053.63,27,6,2,12,9
13,"2021-06-14 01:46:41","2021-06-14 01:51:29","0",3,"0",3,5421.93,119032.75,27,8,2,13,13
14,"2021-06-14 01:46:41","2021-06-14 01:50:54","0",2,"0",2,4503.58,128228.61,26,5,2,14,11
15,"2021-06-14 01:46:41","2021-06-14 01:49:34","0",0,"0",0,5490.96,92622.3,22,3,1,15,3
16,"2021-06-14 01:46:41","2021-06-14 01:54:15","0",4,"0",4,4498.02,113406.07,34,12,1,16,16
17,"2021-06-14 01:46:41","2021-06-14 01:51:41","1",1,"1",1,5288.17,93102.74,27,12,0,17,5
18,"2021-06-14 01:46:41","2021-06-14 01:46:45","0",0,"0",0,4313.37,117057.88,15,5,2,18,2
19,"2021-06-14 01:46:41","2021-06-14 01:52:05","1",1,"1",1,5788.4,97067.73,29,7,2,19,7
20,"2021-06-14 01:46:41","2021-06-14 01:49:44","0",4,"0",4,5691.37,91383.1,23,6,2,20,17
21,"2021-06-14 01:46:41","2021-06-14 01:48:33","0",4,"0",4,6243,102790.51,20,4,1,21,16
22,"2021-06-14 01:46:41","2021-06-14 01:50:15","0",3,"0",3,6982.21,92914.87,24,13,2,22,13
23,"2021-06-14 01:46:41","2021-06-14 01:48:38","0",3,"0",3,4353.56,85224.57,20,6,1,23,12
24,"2021-06-14 01:46:41","2021-06-14 01:49:14","0",4,"0",4,5966.19,92101.58,21,8,0,24,18
25,"2021-06-14 01:46:41","2021-06-14 01:49:26","0",3,"0",3,3572.73,99796.2,22,9,1,25,12
26,"2021-06-14 01:46:41","2021-06-14 01:47:19","0",3,"0",3,4542.52,105187.38,17,3,2,26,13
27,"2021-06-14 01:46:41","2021-06-14 01:52:22","0",2,"0",2,5945.47,138310.59,29,6,1,27,10
28,"2021-06-14 01:46:41","2021-06-14 01:50:59","0",2,"0",2,4261.61,66050.05,26,4,1,28,11
29,"2021-06-14 01:46:41","2021-06-14 01:48:24","1",1,"1",1,5345.64,95009.52,19,3,0,29,6
30,"2021-06-14 01:46:41","2021-06-14 01:53:11","1",1,"1",1,4099.56,115788.08,31,5,1,30,4
31,"2021-06-14 01:46:41","2021-06-14 01:51:32","0",4,"0",4,4629.65,144050.52,27,9,2,31,17
32,"2021-06-14 01:46:41","2021-06-14 01:50:06","0",4,"0",4,4959.2,110650.36,24,6,1,32,16
33,"2021-06-14 01:46:41","2021-06-14 01:52:28","0",3,"0",3,4387.68,99656.16,29,13,2,33,13
34,"2021-06-14 01:46:41","2021-06-14 01:52:26","0",3,"0",3,3054.15,92311.08,29,9,1,34,15
35,"2021-06-14 01:46:41","2021-06-14 01:52:20","0",0,"0",0,5243.1,110357.7,29,4,1,35,1
36,"2021-06-14 01:46:41","2021-06-14 01:52:04","0",2,"0",2,5474.9,124726.45,28,6,1,36,9
37,"2021-06-14 01:46:41","2021-06-14 01:51:47","0",3,"0",3,5136.71,95403.54,28,5,1,37,14
38,"2021-06-14 01:46:41","2021-06-14 01:50:34","1",1,"1",1,4511.25,104094.04,25,9,1,38,5
39,"2021-06-14 01:46:41","2021-06-14 01:50:04","1",1,"1",1,5900.2,105423.41,23,2,1,39,6
40,"2021-06-14 01:46:41","2021-06-14 01:49:55","1",1,"1",1,6077.54,118231.94,23,3,2,40,5
41,"2021-06-14 01:46:41","2021-06-14 01:49:18","1",1,"1",1,2626.33,127784.51,22,10,0,41,3
42,"2021-06-14 01:46:41","2021-06-14 01:50:16","0",2,"0",2,6124.57,106979.02,24,7,1,42,8
43,"2021-06-14 01:46:41","2021-06-14 01:48:09","0",2,"0",2,3220.45,98095.73,19,9,1,43,8
44,"2021-06-14 01:46:41","2021-06-14 01:55:01","1",1,"1",1,4655.45,134866.58,36,6,0,44,7
45,"2021-06-14 01:46:41","2021-06-14 01:53:06","1",1,"1",1,3890.83,104113.35,31,10,0,45,4
46,"2021-06-14 01:46:41","2021-06-14 01:48:26","1",1,"1",1,4369.89,139446.3,19,8,1,46,3
47,"2021-06-14 01:46:41","2021-06-14 01:49:53","1",1,"1",1,6316.88,98451.93,23,7,2,47,5
48,"2021-06-14 01:46:41","2021-06-14 01:49:45","0",2,"0",2,5534.51,115348.07,23,7,1,48,9
49,"2021-06-14 01:46:41","2021-06-14 01:52:15","1",1,"1",1,5493.9,61347.79,29,5,0,49,6
50,"2021-06-14 01:46:41","2021-06-14 01:50:31","0",3,"0",3,2922.01,97190.2,25,7,2,50,16
51,"2021-06-14 01:46:41","2021-06-14 01:51:11","0",0,"0",0,5196.33,99455.14,26,8,0,51,2
52,"2021-06-14 01:46:41","2021-06-14 01:50:38","0",2,"0",2,5628.8,81041.36,25,6,1,52,9
53,"2021-06-14 01:46:41","2021-06-14 01:50:36","0",3,"0",3,5860.95,74102.68,25,7,1,53,15
54,"2021-06-14 01:46:41","2021-06-14 01:53:25","0",0,"0",0,4026.75,123703.98,32,11,0,54,3
55,"2021-06-14 01:46:41","2021-06-14 01:50:14","0",2,"0",2,5937.54,122853.97,24,4,0,55,11
56,"2021-06-14 01:46:41","2021-06-14 01:53:43","1",1,"1",1,3604.79,67531.7,33,8,0,56,5
57,"2021-06-14 01:46:41","2021-06-14 01:47:35","1",1,"1",1,6738.74,110609.47,17,4,0,57,3
58,"2021-06-14 01:46:41","2021-06-14 01:51:51","0",3,"0",3,4201.37,72186.37,28,10,0,58,14
59,"2021-06-14 01:46:41","2021-06-14 01:50:56","0",4,"0",4,5765.02,73723.17,26,3,2,59,16
60,"2021-06-14 01:46:41","2021-06-14 01:51:07","1",1,"1",1,5317.91,113135.31,26,14,0,60,7
61,"2021-06-14 01:46:41","2021-06-14 01:51:27","0",3,"0",3,3936.4,82849.4,27,6,2,61,12
62,"2021-06-14 01:46:41","2021-06-14 01:49:41","0",0,"0",0,6144.26,124837,22,8,1,62,3
63,"2021-06-14 01:46:41","2021-06-14 01:50:01","0",2,"0",2,5033.38,100963.09,23,6,1,63,8
64,"2021-06-14 01:46:41","2021-06-14 01:48:39","1",1,"1",1,5818.41,113403.72,20,7,1,64,6
65,"2021-06-14 01:46:41","2021-06-14 01:48:32","0",3,"0",3,5218.19,86909.33,20,7,2,65,15
66,"2021-06-14 01:46:41","2021-06-14 01:51:17","0",2,"0",2,5868.5,71219.47,27,5,0,66,9
67,"2021-06-14 01:46:41","2021-06-14 01:51:35","0",3,"0",3,5021.68,122868.81,27,4,0,67,15
68,"2021-06-14 01:46:41","2021-06-14 01:50:47","0",3,"0",3,6115.23,105951.79,25,5,2,68,15
69,"2021-06-14 01:46:41","2021-06-14 01:52:32","0",3,"0",3,4647.82,94023.31,30,16,2,69,15
70,"2021-06-14 01:46:41","2021-06-14 01:54:47","0",2,"0",2,5527.29,101730.88,35,5,1,70,8
71,"2021-06-14 01:46:41","2021-06-14 01:49:42","0",3,"0",3,5378.57,133147.71,23,5,1,71,14
72,"2021-06-14 01:46:41","2021-06-14 01:46:04","0",3,"0",3,5843.86,82545.83,13,3,1,72,12
73,"2021-06-14 01:46:41","2021-06-14 01:52:42","0",3,"0",3,4378.96,81264.79,30,9,0,73,13
74,"2021-06-14 01:46:41","2021-06-14 01:49:16","0",0,"0",0,5177.69,84509.62,21,12,1,74,1
75,"2021-06-14 01:46:41","2021-06-14 01:49:18","0",2,"0",2,4419.83,60375.22,22,7,1,75,9
76,"2021-06-14 01:46:41","2021-06-14 01:52:44","1",1,"1",1,5908.64,120490.7,30,4,1,76,5
77,"2021-06-14 01:46:41","2021-06-14 01:50:07","0",2,"0",2,4363.31,104809.24,24,7,0,77,7
78,"2021-06-14 01:46:41","2021-06-14 01:48:15","0",2,"0",2,6732.24,105179.3,19,3,1,78,11
79,"2021-06-14 01:46:41","2021-06-14 01:51:03","1",1,"1",1,5790.37,98916.32,26,5,1,79,7
80,"2021-06-14 01:46:41","2021-06-14 01:50:24","0",0,"0",0,4986.29,87245.99,24,7,0,80,3
81,"2021-06-14 01:46:41","2021-06-14 01:50:42","1",1,"1",1,6206.2,79414.53,25,14,1,81,5
82,"2021-06-14 01:46:41","2021-06-14 01:51:27","0",3,"0",3,4915.41,121296.41,27,3,1,82,12
83,"2021-06-14 01:46:41","2021-06-14 01:49:57","0",2,"0",2,5563.26,64345.38,23,9,2,83,8
84,"2021-06-14 01:46:41","2021-06-14 01:51:58","0",3,"0",3,5528.19,111007.47,28,7,2,84,14
85,"2021-06-14 01:46:41","2021-06-14 01:50:15","0",0,"0",0,5423.04,80184.71,24,7,1,85,3
86,"2021-06-14 01:46:41","2021-06-14 01:51:21","0",2,"0",2,4403.24,107057.76,27,10,1,86,8
87,"2021-06-14 01:46:41","2021-06-14 01:52:53","0",4,"0",4,3749.16,81482.74,30,6,1,87,18
88,"2021-06-14 01:46:41","2021-06-14 01:51:33","0",4,"0",4,3318.4,86916.46,27,11,1,88,16
89,"2021-06-14 01:46:41","2021-06-14 01:50:02","0",4,"0",4,4543.7,144234.15,23,1,1,89,16
90,"2021-06-14 01:46:41","2021-06-14 01:52:59","1",1,"1",1,5682.79,116707.07,31,9,1,90,4
91,"2021-06-14 01:46:41","2021-06-14 01:52:40","1",1,"1",1,4760.96,46377.57,30,9,2,91,3
92,"2021-06-14 01:46:41","2021-06-14 01:51:47","0",3,"0",3,3796.65,103160.31,28,7,0,92,12
93,"2021-06-14 01:46:41","2021-06-14 01:51:10","1",1,"1",1,7156.48,88704.68,26,4,2,93,7
94,"2021-06-14 01:46:41","2021-06-14 01:49:26","0",3,"0",3,5702.01,71584.35,22,6,1,94,12
95,"2021-06-14 01:46:41","2021-06-14 01:53:24","1",1,"1",1,6946.62,105244.65,32,5,2,95,6
96,"2021-06-14 01:46:41","2021-06-14 01:49:29","1",1,"1",1,6213.04,103249.14,22,3,1,96,4
97,"2021-06-14 01:46:41","2021-06-14 01:55:03","0",3,"0",3,4388.62,91787.34,36,5,2,97,14
98,"2021-06-14 01:46:41","2021-06-14 01:53:45","0",0,"0",0,4588.08,149317.59,33,10,2,98,3
99,"2021-06-14 01:46:41","2021-06-14 01:50:13","0",2,"0",2,3559.32,43782.75,24,5,0,99,9
100,"2021-06-14 01:46:41","2021-06-14 01:48:38","0",2,"0",2,5740.47,120955.48,20,8,0,100,10
101,"2021-06-14 01:46:41","2021-06-14 01:49:16","0",2,"0",2,6623.66,92774.42,21,5,2,101,11
102,"2021-06-14 01:46:41","2021-06-14 01:51:12","1",1,"1",1,4079.52,116412.84,26,6,1,102,7
103,"2021-06-14 01:46:41","2021-06-14 01:50:11","0",2,"0",2,3797.8,88650.06,24,7,2,103,9
104,"2021-06-14 01:46:41","2021-06-14 01:49:59","0",4,"0",4,5882.68,85153.39,23,11,2,104,17
105,"2021-06-14 01:46:41","2021-06-14 01:48:47","0",2,"0",2,3483.52,57240.51,20,10,0,105,9
106,"2021-06-14 01:46:41","2021-06-14 01:50:36","0",4,"0",4,6921.61,94763.79,25,6,0,106,16
107,"2021-06-14 01:46:41","2021-06-14 01:49:07","0",4,"0",4,5572.14,161968.65,21,5,1,107,17
108,"2021-06-14 01:46:41","2021-06-14 01:47:21","0",2,"0",2,3285.1,124742.56,17,7,0,108,11
109,"2021-06-14 01:46:41","2021-06-14 01:49:55","0",2,"0",2,5354.92,141889.3,23,5,0,109,8
110,"2021-06-14 01:46:41","2021-06-14 01:52:31","1",1,"1",1,5105.18,122874.13,30,10,1,110,4
111,"2021-06-14 01:46:41","2021-06-14 01:49:32","0",4,"0",4,2531.59,128606.57,22,8,1,111,17
112,"2021-06-14 01:46:41","2021-06-14 01:51:54","1",1,"1",1,4958.14,122571.91,28,5,1,112,6
113,"2021-06-14 01:46:41","2021-06-14 01:47:27","0",0,"0",0,4412.74,111884.81,17,3,1,113,2
114,"2021-06-14 01:46:41","2021-06-14 01:50:34","0",4,"0",4,4112.7,85436.78,25,3,1,114,17
115,"2021-06-14 01:46:41","2021-06-14 01:51:43","0",3,"0",3,5238.72,86676.63,28,7,0,115,13
116,"2021-06-14 01:46:41","2021-06-14 01:51:17","1",1,"1",1,5850.89,59979,27,8,1,116,3
117,"2021-06-14 01:46:41","2021-06-14 01:50:54","0",2,"0",2,6727.01,99854.56,26,6,0,117,10
118,"2021-06-14 01:46:41","2021-06-14 01:49:24","0",4,"0",4,2367.49,122483.89,22,5,1,118,17
119,"2021-06-14 01:46:41","2021-06-14 01:48:59","0",2,"0",2,5743.61,125798.06,21,5,1,119,11
120,"2021-06-14 01:46:41","2021-06-14 01:48:38","0",2,"0",2,4047.65,102378.32,20,7,0,120,8
121,"2021-06-14 01:46:41","2021-06-14 01:50:55","0",3,"0",3,6156.33,86309.31,26,10,0,121,12
122,"2021-06-14 01:46:41","2021-06-14 01:48:47","1",1,"1",1,5345.86,182262.94,20,7,1,122,6
123,"2021-06-14 01:46:41","2021-06-14 01:49:42","1",1,"1",1,6444.96,118417.14,23,10,1,123,6
124,"2021-06-14 01:46:41","2021-06-14 01:50:10","1",1,"1",1,3517.24,135514.38,24,8,0,124,5
125,"2021-06-14 01:46:41","2021-06-14 01:54:22","1",1,"1",1,5494.63,91557.98,34,13,2,125,7
126,"2021-06-14 01:46:41","2021-06-14 01:49:23","0",4,"0",4,5295.16,99051.06,22,6,1,126,18
127,"2021-06-14 01:46:41","2021-06-14 01:51:09","1",1,"1",1,6047.86,111215.18,26,5,1,127,4
128,"2021-06-14 01:46:41","2021-06-14 01:50:50","0",0,"0",0,4768.83,141913.06,25,10,1,128,3
129,"2021-06-14 01:46:41","2021-06-14 01:48:46","1",1,"1",1,6144.02,92213.14,20,10,1,129,3
130,"2021-06-14 01:46:41","2021-06-14 01:50:32","0",3,"0",3,4555.04,121340.39,25,11,0,130,13
131,"2021-06-14 01:46:41","2021-06-14 01:53:34","0",2,"0",2,4570.76,47629.63,32,6,1,131,12
132,"2021-06-14 01:46:41","2021-06-14 01:51:35","0",4,"0",4,5025.38,87318.64,27,8,1,132,16
133,"2021-06-14 01:46:41","2021-06-14 01:50:46","0",3,"0",3,3930.75,67699.77,25,8,0,133,12
134,"2021-06-14 01:46:41","2021-06-14 01:49:50","0",3,"0",3,4543.43,127834.07,23,6,2,134,14
135,"2021-06-14 01:46:41","2021-06-14 01:46:35","0",2,"0",2,6110,95888.67,15,7,2,135,10
136,"2021-06-14 01:46:41","2021-06-14 01:52:57","0",3,"0",3,6651.83,90240.65,31,8,2,136,12
137,"2021-06-14 01:46:41","2021-06-14 01:47:46","0",3,"0",3,6114.25,134227.5,18,11,2,137,15
138,"2021-06-14 01:46:41","2021-06-14 01:52:10","0",3,"0",3,4575.13,127906.82,29,12,1,138,14
139,"2021-06-14 01:46:41","2021-06-14 01:54:30","0",4,"0",4,5318.48,77549.47,35,11,2,139,18
140,"2021-06-14 01:46:41","2021-06-14 01:47:48","0",2,"0",2,5098.49,110696.66,18,7,1,140,8
141,"2021-06-14 01:46:41","2021-06-14 01:52:05","1",1,"1",1,3740.97,69288.89,29,8,1,141,6
142,"2021-06-14 01:46:41","2021-06-14 01:50:10","0",2,"0",2,5257.41,88109.62,24,4,1,142,8
143,"2021-06-14 01:46:41","2021-06-14 01:47:32","0",0,"0",0,4175.71,140414.44,17,16,0,143,1
144,"2021-06-14 01:46:41","2021-06-14 01:47:39","1",1,"1",1,3939.38,136253.2,17,4,1,144,4
145,"2021-06-14 01:46:41","2021-06-14 01:47:29","0",3,"0",3,5725.51,127725.47,17,6,1,145,15
146,"2021-06-14 01:46:41","2021-06-14 01:49:37","1",1,"1",1,4292.07,85727.4,22,12,1,146,5
147,"2021-06-14 01:46:41","2021-06-14 01:47:46","1",1,"1",1,4855.95,52964.21,18,5,1,147,5
148,"2021-06-14 01:46:41","2021-06-14 01:52:04","0",0,"0",0,4026.28,70607.55,28,7,2,148,2
149,"2021-06-14 01:46:41","2021-06-14 01:54:53","1",1,"1",1,5055.94,123813.91,36,5,2,149,5
150,"2021-06-14 01:46:41","2021-06-14 01:48:07","0",3,"0",3,5492.35,92735.8,19,9,1,150,13
151,"2021-06-14 01:46:41","2021-06-14 01:52:16","0",3,"0",3,5502.55,45934.8,29,11,2,151,15
152,"2021-06-14 01:46:41","2021-06-14 01:52:13","0",2,"0",2,3924.74,95495.31,29,11,1,152,9
153,"2021-06-14 01:46:41","2021-06-14 01:51:21","0",2,"0",2,6258.04,135255.98,27,7,1,153,8
154,"2021-06-14 01:46:41","2021-06-14 01:48:40","1",1,"1",1,6492.97,116086.72,20,13,0,154,5
155,"2021-06-14 01:46:41","2021-06-14 01:50:27","0",0,"0",0,5372.91,79468.54,24,3,0,155,3
156,"2021-06-14 01:46:41","2021-06-14 01:50:07","0",2,"0",2,5157.48,61352.08,24,3,0,156,8
157,"2021-06-14 01:46:41","2021-06-14 01:51:49","0",2,"0",2,5077.34,79336.32,28,5,1,157,11
158,"2021-06-14 01:46:41","2021-06-14 01:49:56","1",1,"1",1,5257.55,100863.19,23,6,1,158,5
159,"2021-06-14 01:46:41","2021-06-14 01:52:38","0",2,"0",2,5376.42,122201.84,30,7,2,159,9
160,"2021-06-14 01:46:41","2021-06-14 01:49:56","1",1,"1",1,5136.82,51501.5,23,4,1,160,5
161,"2021-06-14 01:46:41","2021-06-14 01:52:47","0",2,"0",2,5653.82,125580.04,30,8,0,161,10
162,"2021-06-14 01:46:41","2021-06-14 01:48:35","1",1,"1",1,4664.23,100136.44,20,8,0,162,7
163,"2021-06-14 01:46:41","2021-06-14 01:48:10","0",3,"0",3,6129.34,114244.47,19,4,0,163,12
164,"2021-06-14 01:46:41","2021-06-14 01:57:10","1",1,"1",1,4962.32,58668.61,41,7,2,164,7
165,"2021-06-14 01:46:41","2021-06-14 01:49:51","1",1,"1",1,3244.31,83333.64,23,6,2,165,7
166,"2021-06-14 01:46:41","2021-06-14 01:51:17","0",2,"0",2,4900.28,88794.15,26,7,0,166,10
167,"2021-06-14 01:46:41","2021-06-14 01:51:57","0",3,"0",3,5447.02,126097.28,28,7,2,167,14
168,"2021-06-14 01:46:41","2021-06-14 01:49:43","1",1,"1",1,6230.03,125704.35,23,5,0,168,5
169,"2021-06-14 01:46:41","2021-06-14 01:51:43","0",2,"0",2,5060.21,110877.26,28,5,1,169,8
170,"2021-06-14 01:46:41","2021-06-14 01:51:25","1",1,"1",1,3059.93,140105.3,27,7,0,170,6
171,"2021-06-14 01:46:41","2021-06-14 01:50:15","0",3,"0",3,5004.83,87114.72,24,8,0,171,12
172,"2021-06-14 01:46:41","2021-06-14 01:50:49","1",1,"1",1,3800.79,125313.43,25,10,1,172,4
173,"2021-06-14 01:46:41","2021-06-14 01:50:37","0",3,"0",3,4023.89,99101.5,25,5,1,173,16
174,"2021-06-14 01:46:41","2021-06-14 01:54:56","0",3,"0",3,3974.37,83316.45,36,3,1,174,14
175,"2021-06-14 01:46:41","2021-06-14 01:49:12","0",3,"0",3,4200.77,123084.5,21,7,2,175,12
176,"2021-06-14 01:46:41","2021-06-14 01:48:29","0",2,"0",2,6137.13,134527.51,20,10,1,176,12
177,"2021-06-14 01:46:41","2021-06-14 01:50:46","1",1,"1",1,4168.47,121956.26,25,7,2,177,7
178,"2021-06-14 01:46:41","2021-06-14 01:51:18","0",2,"0",2,4560.94,87264.91,27,8,0,178,10
179,"2021-06-14 01:46:41","2021-06-14 01:51:33","0",3,"0",3,5184.17,88255.31,27,7,1,179,16
180,"2021-06-14 01:46:41","2021-06-14 01:49:46","0",2,"0",2,5890.38,134441.9,23,9,1,180,11
181,"2021-06-14 01:46:41","2021-06-14 01:48:33","0",3,"0",3,4333.29,108820.66,20,8,1,181,15
182,"2021-06-14 01:46:41","2021-06-14 01:53:13","1",1,"1",1,4173.78,120739.35,31,5,1,182,6
183,"2021-06-14 01:46:41","2021-06-14 01:49:59","0",3,"0",3,4481.38,91532.45,23,5,1,183,13
184,"2021-06-14 01:46:41","2021-06-14 01:48:57","1",1,"1",1,3828.28,131525.87,21,4,2,184,6
185,"2021-06-14 01:46:41","2021-06-14 01:50:13","0",2,"0",2,5920.03,79781.12,24,7,1,185,11
186,"2021-06-14 01:46:41","2021-06-14 01:50:17","0",2,"0",2,2818.04,115633.79,24,6,0,186,9
187,"2021-06-14 01:46:41","2021-06-14 01:52:54","1",1,"1",1,4472.31,79570.63,31,7,0,187,6
188,"2021-06-14 01:46:41","2021-06-14 01:50:51","0",2,"0",2,3558.86,38435.62,25,11,0,188,11
189,"2021-06-14 01:46:41","2021-06-14 01:52:11","0",4,"0",4,3043.22,66426.06,29,4,1,189,17
190,"2021-06-14 01:46:41","2021-06-14 01:49:41","0",4,"0",4,5028.66,103407.38,23,8,2,190,16
191,"2021-06-14 01:46:41","2021-06-14 01:51:07","1",1,"1",1,6538.24,122073.07,26,6,2,191,6
192,"2021-06-14 01:46:41","2021-06-14 01:50:02","1",1,"1",1,6634.64,56217.45,23,8,1,192,6
193,"2021-06-14 01:46:41","2021-06-14 01:50:52","0",4,"0",4,4437.22,68714.39,25,3,1,193,18
194,"2021-06-14 01:46:41","2021-06-14 01:48:54","0",2,"0",2,4303.04,144113.65,21,7,2,194,12
195,"2021-06-14 01:46:41","2021-06-14 01:48:04","0",4,"0",4,4461.77,89152.52,18,5,1,195,17
196,"2021-06-14 01:46:41","2021-06-14 01:54:41","0",2,"0",2,5710.11,112642.5,35,3,1,196,9
197,"2021-06-14 01:46:41","2021-06-14 01:51:53","0",2,"0",2,2438.3,86826.62,28,10,1,197,8
198,"2021-06-14 01:46:41","2021-06-14 01:48:11","0",3,"0",3,5247.7,92535.43,19,5,2,198,12
199,"2021-06-14 01:46:41","2021-06-14 01:49:28","1",1,"1",1,4594.46,102181.11,22,9,1,199,4
200,"2021-06-14 01:46:41","2021-06-14 01:48:19","0",2,"0",2,4256.06,100274.05,19,4,1,200,11
201,"2021-06-14 01:46:41","2021-06-14 01:55:05","1",1,"1",1,2993.88,95185.99,36,20,1,201,5
202,"2021-06-14 01:46:41","2021-06-14 01:53:18","0",4,"0",4,4794.17,88255.09,32,7,0,202,17
203,"2021-06-14 01:46:41","2021-06-14 01:50:09","0",2,"0",2,3350.94,23803.48,24,7,2,203,11
204,"2021-06-14 01:46:41","2021-06-14 01:51:46","0",2,"0",2,4984.69,146716.39,28,4,2,204,10
205,"2021-06-14 01:46:41","2021-06-14 01:49:51","0",2,"0",2,4105.1,144760.61,23,15,1,205,8
206,"2021-06-14 01:46:41","2021-06-14 01:49:44","0",4,"0",4,5046.32,72472.96,23,5,2,206,16
207,"2021-06-14 01:46:41","2021-06-14 01:49:06","1",1,"1",1,5461,95797.31,21,5,1,207,7
208,"2021-06-14 01:46:41","2021-06-14 01:49:30","1",1,"1",1,4496.26,134381.88,22,7,1,208,6
209,"2021-06-14 01:46:41","2021-06-14 01:53:59","1",1,"1",1,3977.6,124957.25,33,10,1,209,4
210,"2021-06-14 01:46:41","2021-06-14 01:50:35","1",1,"1",1,4388.26,131915.04,25,4,1,210,4
211,"2021-06-14 01:46:41","2021-06-14 01:50:55","0",2,"0",2,4332.61,73206.33,26,7,2,211,9
212,"2021-06-14 01:46:41","2021-06-14 01:51:10","1",1,"1",1,3506.72,164431.7,26,7,1,212,5
213,"2021-06-14 01:46:41","2021-06-14 01:53:09","1",1,"1",1,4219.38,71663.5,31,12,1,213,5
214,"2021-06-14 01:46:41","2021-06-14 01:49:39","0",3,"0",3,4806.59,118847.91,22,7,0,214,12
215,"2021-06-14 01:46:41","2021-06-14 01:48:42","0",0,"0",0,4779.17,103531.9,20,11,0,215,2
216,"2021-06-14 01:46:41","2021-06-14 01:54:02","0",3,"0",3,5329.54,89907.24,33,7,2,216,13
217,"2021-06-14 01:46:41","2021-06-14 01:49:48","1",1,"1",1,6291.88,90514.61,23,5,2,217,7
218,"2021-06-14 01:46:41","2021-06-14 01:49:14","0",2,"0",2,5333.67,75215.08,21,5,1,218,8
219,"2021-06-14 01:46:41","2021-06-14 01:48:13","0",3,"0",3,6475.79,140566.49,19,5,0,219,15
220,"2021-06-14 01:46:41","2021-06-14 01:48:07","0",4,"0",4,4352.07,102237.83,19,6,2,220,17
221,"2021-06-14 01:46:41","2021-06-14 01:49:32","1",1,"1",1,6350.67,106480.45,22,7,1,221,6
222,"2021-06-14 01:46:41","2021-06-14 01:51:55","0",4,"0",4,5593.41,105240.82,28,7,1,222,17
223,"2021-06-14 01:46:41","2021-06-14 01:52:54","0",3,"0",3,3808.29,90620.73,31,11,2,223,13
224,"2021-06-14 01:46:41","2021-06-14 01:52:06","0",3,"0",3,5402.17,71649.47,29,9,1,224,13
225,"2021-06-14 01:46:41","2021-06-14 01:49:57","0",0,"0",0,3762.31,106343.16,23,7,0,225,2
226,"2021-06-14 01:46:41","2021-06-14 01:50:48","0",2,"0",2,5947.23,47659.01,25,3,2,226,8
227,"2021-06-14 01:46:41","2021-06-14 01:49:16","0",2,"0",2,4460.25,64535.83,21,5,0,227,9
228,"2021-06-14 01:46:41","2021-06-14 01:49:15","0",2,"0",2,4763.89,73090.08,21,9,1,228,11
229,"2021-06-14 01:46:41","2021-06-14 01:52:27","0",3,"0",3,4320.46,73033.03,29,4,0,229,13
230,"2021-06-14 01:46:41","2021-06-14 01:48:39","0",4,"0",4,4147.82,102679.72,20,13,0,230,17
231,"2021-06-14 01:46:41","2021-06-14 01:54:36","0",2,"0",2,6702.14,139962.19,35,8,0,231,12
232,"2021-06-14 01:46:41","2021-06-14 01:50:30","0",2,"0",2,5991.8,62116.9,25,14,1,232,8
233,"2021-06-14 01:46:41","2021-06-14 01:51:07","0",2,"0",2,5675.21,110841.9,26,8,2,233,10
234,"2021-06-14 01:46:41","2021-06-14 01:49:12","0",0,"0",0,5073.62,122488.62,21,10,0,234,2
235,"2021-06-14 01:46:41","2021-06-14 01:49:32","1",1,"1",1,5736.33,75261.69,22,3,2,235,5
236,"2021-06-14 01:46:41","2021-06-14 01:48:03","0",2,"0",2,5661.71,98680.01,18,7,2,236,8
237,"2021-06-14 01:46:41","2021-06-14 01:50:19","1",1,"1",1,6603.52,120590.27,24,9,1,237,4
238,"2021-06-14 01:46:41","2021-06-14 01:51:31","0",3,"0",3,5850.04,93612.27,27,5,1,238,15
239,"2021-06-14 01:46:41","2021-06-14 01:51:20","1",1,"1",1,4793.81,94482.89,27,7,1,239,4
240,"2021-06-14 01:46:41","2021-06-14 01:49:07","0",3,"0",3,4785.11,107693.17,21,7,0,240,15
241,"2021-06-14 01:46:41","2021-06-14 01:49:06","0",2,"0",2,4531.93,98499.67,21,5,1,241,10
242,"2021-06-14 01:46:41","2021-06-14 01:49:41","0",3,"0",3,4636.26,86108.68,22,7,1,242,12
243,"2021-06-14 01:46:41","2021-06-14 01:53:41","1",1,"1",1,4763.32,96534.62,32,13,1,243,4
244,"2021-06-14 01:46:41","2021-06-14 01:48:25","0",3,"0",3,6222.88,147070.99,19,6,1,244,12
245,"2021-06-14 01:46:41","2021-06-14 01:50:20","1",1,"1",1,2671.64,121841.72,24,12,1,245,6
246,"2021-06-14 01:46:41","2021-06-14 01:54:29","0",3,"0",3,4298.15,77135.07,35,7,1,246,13
247,"2021-06-14 01:46:41","2021-06-14 01:50:29","0",2,"0",2,4867.12,68877.06,24,8,1,247,8
248,"2021-06-14 01:46:41","2021-06-14 01:47:58","0",4,"0",4,3716.74,91000.44,18,8,0,248,17
249,"2021-06-14 01:46:41","2021-06-14 01:49:21","0",4,"0",4,6619.1,133219.37,22,3,2,249,17
250,"2021-06-14 01:46:41","2021-06-14 01:51:39","0",3,"0",3,4766.05,107316.98,27,5,0,250,13
251,"2021-06-14 01:46:41","2021-06-14 01:49:56","1",1,"1",1,3883.08,82462.37,23,6,1,251,5
252,"2021-06-14 01:46:41","2021-06-14 01:49:34","1",1,"1",1,4108.39,122055.86,22,9,1,252,5
253,"2021-06-14 01:46:41","2021-06-14 01:50:00","0",2,"0",2,5872.4,96665.74,23,7,1,253,11
254,"2021-06-14 01:46:41","2021-06-14 01:50:52","1",1,"1",1,6869.01,71983.04,25,4,2,254,6
255,"2021-06-14 01:46:41","2021-06-14 01:53:53","0",2,"0",2,4875.73,111529.81,33,11,0,255,10
256,"2021-06-14 01:46:41","2021-06-14 01:50:30","0",3,"0",3,5107.03,138103.57,25,6,2,256,14
257,"2021-06-14 01:46:41","2021-06-14 01:52:51","1",1,"1",1,4051.46,110861.71,30,7,1,257,4
258,"2021-06-14 01:46:41","2021-06-14 01:51:57","0",2,"0",2,6316.64,104800.01,28,5,1,258,8
259,"2021-06-14 01:46:41","2021-06-14 01:50:27","0",2,"0",2,5722.66,83593.92,24,6,0,259,9
260,"2021-06-14 01:46:41","2021-06-14 01:47:37","0",3,"0",3,2670.75,114209.96,17,16,1,260,16
261,"2021-06-14 01:46:41","2021-06-14 01:49:38","0",4,"0",4,4354.77,73235.74,22,8,2,261,17
262,"2021-06-14 01:46:41","2021-06-14 01:49:42","0",4,"0",4,4765.88,58671.27,23,5,1,262,16
263,"2021-06-14 01:46:41","2021-06-14 01:50:47","0",3,"0",3,3891.84,98916.18,25,4,2,263,12
264,"2021-06-14 01:46:41","2021-06-14 01:53:17","0",4,"0",4,4726.78,99135.16,32,6,0,264,17
265,"2021-06-14 01:46:41","2021-06-14 01:55:16","0",2,"0",2,3866.56,159126.39,36,5,0,265,10
266,"2021-06-14 01:46:41","2021-06-14 01:53:47","0",2,"0",2,5359.31,69591.32,33,3,0,266,11
267,"2021-06-14 01:46:41","2021-06-14 01:50:25","1",1,"1",1,5335.64,104272.66,24,14,2,267,7
268,"2021-06-14 01:46:41","2021-06-14 01:47:10","1",1,"1",1,5810.98,120126.33,16,10,1,268,7
269,"2021-06-14 01:46:41","2021-06-14 01:49:54","0",0,"0",0,5416.46,126264.82,23,10,1,269,1
270,"2021-06-14 01:46:41","2021-06-14 01:50:52","0",2,"0",2,6594.11,99731.89,25,10,0,270,10
271,"2021-06-14 01:46:41","2021-06-14 01:52:22","0",3,"0",3,4613.86,81418.6,29,10,1,271,16
272,"2021-06-14 01:46:41","2021-06-14 01:52:37","0",0,"0",0,2846.7,98355.4,30,7,2,272,1
273,"2021-06-14 01:46:41","2021-06-14 01:52:03","0",0,"0",0,5025.66,148493.9,28,7,2,273,2
274,"2021-06-14 01:46:41","2021-06-14 01:47:54","1",1,"1",1,5649.85,112068.48,18,9,1,274,4
275,"2021-06-14 01:46:41","2021-06-14 01:52:23","0",3,"0",3,4598.76,48888.07,29,8,2,275,14
276,"2021-06-14 01:46:41","2021-06-14 01:49:47","0",3,"0",3,6400.88,135586.48,23,9,2,276,13
277,"2021-06-14 01:46:41","2021-06-14 01:51:02","0",4,"0",4,6094.77,113512.57,26,6,0,277,18
278,"2021-06-14 01:46:41","2021-06-14 01:50:50","0",2,"0",2,5537.49,99160.71,25,7,1,278,9
279,"2021-06-14 01:46:41","2021-06-14 01:51:32","0",0,"0",0,5069.77,99553.41,27,6,1,279,2
280,"2021-06-14 01:46:41","2021-06-14 01:50:44","0",3,"0",3,4448.5,96255.26,25,7,0,280,12
281,"2021-06-14 01:46:41","2021-06-14 01:47:21","0",3,"0",3,4823.06,106413.99,17,9,1,281,14
282,"2021-06-14 01:46:41","2021-06-14 01:52:09","1",1,"1",1,5469.18,87403.33,29,5,0,282,3
283,"2021-06-14 01:46:41","2021-06-14 01:51:27","0",2,"0",2,5967.8,106925.28,27,13,2,283,8
284,"2021-06-14 01:46:41","2021-06-14 01:50:09","1",1,"1",1,4703.89,76716.1,24,7,2,284,5
285,"2021-06-14 01:46:41","2021-06-14 01:50:55","0",0,"0",0,4271.75,105003.67,26,7,0,285,2
286,"2021-06-14 01:46:41","2021-06-14 01:50:57","0",2,"0",2,7475.61,127670.94,26,4,1,286,8
287,"2021-06-14 01:46:41","2021-06-14 01:51:08","0",0,"0",0,5518.56,112730.15,26,5,2,287,2
288,"2021-06-14 01:46:41","2021-06-14 01:53:58","1",1,"1",1,4096.4,125843.74,33,31,1,288,5
289,"2021-06-14 01:46:41","2021-06-14 01:50:15","0",0,"0",0,5930.98,72728.28,24,8,2,289,2
290,"2021-06-14 01:46:41","2021-06-14 01:51:01","0",3,"0",3,5061.69,101369.82,26,7,1,290,12
291,"2021-06-14 01:46:41","2021-06-14 01:53:01","1",1,"1",1,5826.79,115431.26,31,8,0,291,6
292,"2021-06-14 01:46:41","2021-06-14 01:52:48","0",0,"0",0,5051.8,73299.88,30,11,2,292,3
293,"2021-06-14 01:46:41","2021-06-14 01:52:58","0",0,"0",0,4941.57,139145.36,31,17,1,293,2
294,"2021-06-14 01:46:41","2021-06-14 01:49:32","0",4,"0",4,5090.61,74129.8,22,5,1,294,16
295,"2021-06-14 01:46:41","2021-06-14 01:54:41","0",3,"0",3,5412.78,104112.97,35,7,1,295,14
296,"2021-06-14 01:46:41","2021-06-14 01:50:49","0",3,"0",3,4389.91,103795.81,25,9,1,296,15
297,"2021-06-14 01:46:41","2021-06-14 01:54:25","0",4,"0",4,4344.64,103041.76,34,7,1,297,18
298,"2021-06-14 01:46:41","2021-06-14 01:47:59","0",0,"0",0,4815.22,94739.39,18,7,1,298,3
299,"2021-06-14 01:46:41","2021-06-14 01:50:44","0",0,"0",0,5171.3,111248.42,25,9,1,299,3
300,"2021-06-14 01:46:41","2021-06-14 01:53:11","0",3,"0",3,4682.62,74220.89,31,11,1,300,15
301,"2021-06-14 01:46:41","2021-06-14 01:49:15","0",3,"0",3,5316.98,67765.9,21,3,2,301,14
302,"2021-06-14 01:46:41","2021-06-14 01:49:11","0",0,"0",0,3898.26,83635.78,21,6,0,302,1
303,"2021-06-14 01:46:41","2021-06-14 01:48:48","0",3,"0",3,3569.04,98566.9,20,11,2,303,14
304,"2021-06-14 01:46:41","2021-06-14 01:48:35","0",3,"0",3,6892.01,131418.7,20,6,2,304,13
305,"2021-06-14 01:46:41","2021-06-14 01:49:49","0",3,"0",3,5397.88,139686.35,23,11,1,305,12
306,"2021-06-14 01:46:41","2021-06-14 01:51:21","0",2,"0",2,4602.97,107987.04,27,4,0,306,9
307,"2021-06-14 01:46:41","2021-06-14 01:46:39","1",1,"1",1,4720.04,109539.79,15,10,1,307,4
308,"2021-06-14 01:46:41","2021-06-14 01:51:06","0",0,"0",0,5785.12,93908.88,26,7,1,308,1
309,"2021-06-14 01:46:41","2021-06-14 01:53:09","0",2,"0",2,4789.68,101201.33,31,7,1,309,9
310,"2021-06-14 01:46:41","2021-06-14 01:54:46","0",2,"0",2,5192.11,64886.35,35,5,0,310,9
311,"2021-06-14 01:46:41","2021-06-14 01:53:17","0",2,"0",2,4735.27,107248.34,32,7,1,311,8
312,"2021-06-14 01:46:41","2021-06-14 01:52:12","0",2,"0",2,4498.61,86611.16,29,5,1,312,9
313,"2021-06-14 01:46:41","2021-06-14 01:47:14","0",3,"0",3,5602.19,108366.97,16,11,1,313,13
314,"2021-06-14 01:46:41","2021-06-14 01:49:29","0",0,"0",0,5141.49,91350.47,22,4,1,314,2
315,"2021-06-14 01:46:41","2021-06-14 01:49:59","1",1,"1",1,6301.81,83459.61,23,7,1,315,7
316,"2021-06-14 01:46:41","2021-06-14 01:52:05","0",3,"0",3,3874.6,94522.22,29,12,1,316,15
317,"2021-06-14 01:46:41","2021-06-14 01:50:28","0",3,"0",3,4864.69,90827.38,24,8,0,317,15
318,"2021-06-14 01:46:41","2021-06-14 01:48:10","1",1,"1",1,4791.01,127364.46,19,10,2,318,5
319,"2021-06-14 01:46:41","2021-06-14 01:54:03","1",1,"1",1,3925.14,105230.2,33,11,1,319,7
320,"2021-06-14 01:46:41","2021-06-14 01:52:30","0",3,"0",3,5997.86,110812.29,30,10,0,320,16
321,"2021-06-14 01:46:41","2021-06-14 01:51:09","0",3,"0",3,4892.6,68978.66,26,3,0,321,16
322,"2021-06-14 01:46:41","2021-06-14 01:53:07","1",1,"1",1,3614.44,137420.54,31,7,1,322,6
323,"2021-06-14 01:46:41","2021-06-14 01:48:00","1",1,"1",1,4407.86,103984.26,18,12,0,323,3
324,"2021-06-14 01:46:41","2021-06-14 01:52:00","0",3,"0",3,3894.67,78592.96,28,5,1,324,13
325,"2021-06-14 01:46:41","2021-06-14 01:49:38","0",0,"0",0,6039.09,107726.17,22,7,1,325,3
326,"2021-06-14 01:46:41","2021-06-14 01:52:03","0",0,"0",0,7542.9,121760.85,28,5,0,326,2
327,"2021-06-14 01:46:41","2021-06-14 01:50:34","0",4,"0",4,4326.28,65408.07,25,6,1,327,18
328,"2021-06-14 01:46:41","2021-06-14 01:51:57","0",0,"0",0,4907.77,142252.67,28,6,1,328,2
329,"2021-06-14 01:46:41","2021-06-14 01:53:21","1",1,"1",1,5279.74,96049.23,32,6,2,329,7
330,"2021-06-14 01:46:41","2021-06-14 01:50:42","0",4,"0",4,7708.96,128029.27,25,9,1,330,17
331,"2021-06-14 01:46:41","2021-06-14 01:52:43","0",2,"0",2,2671,101806.53,30,6,2,331,11
332,"2021-06-14 01:46:41","2021-06-14 01:48:18","1",1,"1",1,4486.04,91689.43,19,5,2,332,6
333,"2021-06-14 01:46:41","2021-06-14 01:49:14","0",3,"0",3,3797.21,54127,21,7,1,333,14
334,"2021-06-14 01:46:41","2021-06-14 01:53:43","0",3,"0",3,4772.38,72495.69,33,5,2,334,15
335,"2021-06-14 01:46:41","2021-06-14 01:51:26","1",1,"1",1,4724.1,98966.49,27,7,2,335,6
336,"2021-06-14 01:46:41","2021-06-14 01:46:35","0",2,"0",2,4270.19,120696.31,15,5,2,336,9
337,"2021-06-14 01:46:41","2021-06-14 01:47:57","0",3,"0",3,6834.16,52958.03,18,10,0,337,13
338,"2021-06-14 01:46:41","2021-06-14 01:50:17","0",3,"0",3,5257.07,134386.03,24,5,2,338,12
339,"2021-06-14 01:46:41","2021-06-14 01:52:25","0",3,"0",3,7393.59,134974.76,29,11,0,339,12
340,"2021-06-14 01:46:41","2021-06-14 01:50:29","0",4,"0",4,5823.62,71417.09,24,7,1,340,18
341,"2021-06-14 01:46:41","2021-06-14 01:51:56","0",2,"0",2,3734.69,111807.51,28,7,0,341,8
342,"2021-06-14 01:46:41","2021-06-14 01:52:36","0",0,"0",0,4246.51,74159.02,30,7,1,342,3
343,"2021-06-14 01:46:41","2021-06-14 01:54:02","0",2,"0",2,5273.04,96870,33,4,1,343,10
344,"2021-06-14 01:46:41","2021-06-14 01:50:48","1",1,"1",1,4422.1,123216.57,25,4,2,344,5
345,"2021-06-14 01:46:41","2021-06-14 01:50:35","0",2,"0",2,5354.29,121708.49,25,6,1,345,9
346,"2021-06-14 01:46:41","2021-06-14 01:47:11","1",1,"1",1,5732.57,78770.63,16,6,2,346,7
347,"2021-06-14 01:46:41","2021-06-14 01:50:53","0",4,"0",4,5421.12,90334.09,25,7,2,347,18
348,"2021-06-14 01:46:41","2021-06-14 01:49:32","0",2,"0",2,4865.39,75595.91,22,5,2,348,8
349,"2021-06-14 01:46:41","2021-06-14 01:48:44","1",1,"1",1,4356.46,108488.59,20,9,2,349,5
350,"2021-06-14 01:46:41","2021-06-14 01:50:19","0",2,"0",2,3710.68,61023.12,24,11,1,350,12
351,"2021-06-14 01:46:41","2021-06-14 01:52:43","1",1,"1",1,5340.89,34266.86,30,7,1,351,3
352,"2021-06-14 01:46:41","2021-06-14 01:46:42","0",4,"0",4,5922.34,136745.31,15,7,0,352,17
353,"2021-06-14 01:46:41","2021-06-14 01:49:50","0",2,"0",2,4920.33,156836.82,23,22,1,353,10
354,"2021-06-14 01:46:41","2021-06-14 01:50:55","1",1,"1",1,5753.62,88624.16,26,5,2,354,4
355,"2021-06-14 01:46:41","2021-06-14 01:48:54","0",2,"0",2,7227.53,119027.56,21,7,1,355,12
356,"2021-06-14 01:46:41","2021-06-14 01:51:21","0",4,"0",4,6933.82,99812.43,27,4,2,356,18
357,"2021-06-14 01:46:41","2021-06-14 01:51:30","0",3,"0",3,4505.09,136857.84,27,8,1,357,12
358,"2021-06-14 01:46:41","2021-06-14 01:50:37","0",2,"0",2,5546.71,113853.6,25,3,0,358,8
359,"2021-06-14 01:46:41","2021-06-14 01:45:45","1",1,"1",1,4297.79,105091.6,13,12,1,359,6
360,"2021-06-14 01:46:41","2021-06-14 01:55:50","0",3,"0",3,5689.81,55021.59,38,1,2,360,15
361,"2021-06-14 01:46:41","2021-06-14 01:50:16","1",1,"1",1,4941.64,127073.89,24,13,1,361,3
362,"2021-06-14 01:46:41","2021-06-14 01:51:59","1",1,"1",1,5277.59,91228.66,28,8,1,362,4
363,"2021-06-14 01:46:41","2021-06-14 01:51:14","0",4,"0",4,4140.99,64912.75,26,15,0,363,16
364,"2021-06-14 01:46:41","2021-06-14 01:52:44","1",1,"1",1,6205.38,94955.08,30,5,1,364,6
365,"2021-06-14 01:46:41","2021-06-14 01:52:19","1",1,"1",1,4915.82,96830.55,29,15,0,365,7
366,"2021-06-14 01:46:41","2021-06-14 01:50:16","0",3,"0",3,4554.08,126480.17,24,8,1,366,14
367,"2021-06-14 01:46:41","2021-06-14 01:51:26","1",1,"1",1,4923.38,70815.1,27,8,0,367,4
368,"2021-06-14 01:46:41","2021-06-14 01:48:48","0",0,"0",0,5076.4,86058.91,20,6,2,368,1
369,"2021-06-14 01:46:41","2021-06-14 01:52:24","0",2,"0",2,6636.86,137203,29,9,2,369,8
370,"2021-06-14 01:46:41","2021-06-14 01:49:46","0",2,"0",2,3889.28,133966.64,23,8,1,370,9
371,"2021-06-14 01:46:41","2021-06-14 01:55:31","0",2,"0",2,7458.99,129080.36,37,12,1,371,8
372,"2021-06-14 01:46:41","2021-06-14 01:47:23","1",1,"1",1,4226.69,141538.1,17,8,1,372,7
373,"2021-06-14 01:46:41","2021-06-14 01:49:45","0",3,"0",3,5174.64,105100.77,23,11,1,373,16
374,"2021-06-14 01:46:41","2021-06-14 01:52:20","0",2,"0",2,2941.86,85452.91,29,6,1,374,9
375,"2021-06-14 01:46:41","2021-06-14 01:51:42","0",2,"0",2,4345.54,113880.1,28,5,0,375,10
376,"2021-06-14 01:46:41","2021-06-14 01:49:30","0",4,"0",4,5731.77,126468.08,22,9,0,376,17
377,"2021-06-14 01:46:41","2021-06-14 01:48:41","0",3,"0",3,5505.23,160340.83,20,5,1,377,14
378,"2021-06-14 01:46:41","2021-06-14 01:50:58","1",1,"1",1,5410.57,50875.44,26,11,0,378,5
379,"2021-06-14 01:46:41","2021-06-14 01:50:39","1",1,"1",1,4533.23,106830.89,25,6,1,379,6
380,"2021-06-14 01:46:41","2021-06-14 01:47:06","0",4,"0",4,3156.43,116369.86,16,8,0,380,18
381,"2021-06-14 01:46:41","2021-06-14 01:50:45","0",2,"0",2,3927.18,98635.03,25,6,1,381,11
382,"2021-06-14 01:46:41","2021-06-14 01:51:04","0",3,"0",3,4770.17,61054.44,26,4,1,382,14
383,"2021-06-14 01:46:41","2021-06-14 01:51:02","1",1,"1",1,5621.64,118537.52,26,8,1,383,7
384,"2021-06-14 01:46:41","2021-06-14 01:48:34","0",3,"0",3,5837.45,80522.86,20,6,1,384,14
385,"2021-06-14 01:46:41","2021-06-14 01:51:38","0",2,"0",2,4697.11,112646.54,27,3,2,385,10
386,"2021-06-14 01:46:41","2021-06-14 01:53:26","0",4,"0",4,4848.45,122688.79,32,21,1,386,17
387,"2021-06-14 01:46:41","2021-06-14 01:51:36","1",1,"1",1,4837.15,132098.93,27,9,1,387,4
388,"2021-06-14 01:46:41","2021-06-14 01:48:25","1",1,"1",1,5057.85,61053.41,19,7,2,388,6
389,"2021-06-14 01:46:41","2021-06-14 01:49:49","0",0,"0",0,6537.14,127043.55,23,10,1,389,3
390,"2021-06-14 01:46:41","2021-06-14 01:51:23","1",1,"1",1,4273.29,81075.47,27,9,1,390,5
391,"2021-06-14 01:46:41","2021-06-14 01:49:23","0",4,"0",4,4795.24,67774.51,22,5,2,391,18
392,"2021-06-14 01:46:41","2021-06-14 01:46:22","1",1,"1",1,5078.73,132858.02,14,7,1,392,6
393,"2021-06-14 01:46:41","2021-06-14 01:52:27","0",3,"0",3,3661.73,128656.5,29,7,2,393,13
394,"2021-06-14 01:46:41","2021-06-14 01:49:01","0",3,"0",3,4078.97,93935.42,21,6,2,394,14
395,"2021-06-14 01:46:41","2021-06-14 01:49:32","0",0,"0",0,5200.26,118988.52,22,6,1,395,3
396,"2021-06-14 01:46:41","2021-06-14 01:53:41","1",1,"1",1,5427.07,78491.86,33,6,1,396,5
397,"2021-06-14 01:46:41","2021-06-14 01:49:08","1",1,"1",1,6140.09,96224.21,21,14,0,397,6
398,"2021-06-14 01:46:41","2021-06-14 01:52:22","0",0,"0",0,4534.29,97656.92,29,6,1,398,3
399,"2021-06-14 01:46:41","2021-06-14 01:48:10","0",0,"0",0,6453.9,92981.5,19,6,2,399,3
400,"2021-06-14 01:46:41","2021-06-14 01:49:58","0",4,"0",4,4135.44,118352.47,23,12,1,400,18
401,"2021-06-14 01:46:41","2021-06-14 01:50:32","0",4,"0",4,3403.72,138433.19,25,9,0,401,18
402,"2021-06-14 01:46:41","2021-06-14 01:48:21","1",1,"1",1,3053.99,88605.72,19,10,0,402,3
403,"2021-06-14 01:46:41","2021-06-14 01:49:25","0",4,"0",4,6104.05,99183.54,22,9,1,403,16
404,"2021-06-14 01:46:41","2021-06-14 01:50:38","0",2,"0",2,5304.87,140918.93,25,9,1,404,11
405,"2021-06-14 01:46:41","2021-06-14 01:52:01","0",2,"0",2,4869.58,91773.95,28,7,2,405,8
406,"2021-06-14 01:46:41","2021-06-14 01:47:23","0",2,"0",2,4706.39,34899.05,17,6,0,406,9
407,"2021-06-14 01:46:41","2021-06-14 01:49:59","0",3,"0",3,6586.26,112849.59,23,7,1,407,13
408,"2021-06-14 01:46:41","2021-06-14 01:52:12","0",0,"0",0,6201.15,77838.3,29,8,1,408,2
409,"2021-06-14 01:46:41","2021-06-14 01:49:36","1",1,"1",1,3996.26,75036.54,22,8,1,409,7
410,"2021-06-14 01:46:41","2021-06-14 01:51:08","0",3,"0",3,3608.98,135520.42,26,9,1,410,13
411,"2021-06-14 01:46:41","2021-06-14 01:51:40","1",1,"1",1,6085.3,161199.95,27,7,1,411,6
412,"2021-06-14 01:46:41","2021-06-14 01:51:13","0",3,"0",3,5560.61,74005.44,26,3,0,412,15
413,"2021-06-14 01:46:41","2021-06-14 01:51:59","1",1,"1",1,4489.02,125775.63,28,11,1,413,5
414,"2021-06-14 01:46:41","2021-06-14 01:50:26","0",2,"0",2,5396.45,97646.3,24,8,1,414,9
415,"2021-06-14 01:46:41","2021-06-14 01:49:51","1",1,"1",1,2976.77,103545.19,23,9,1,415,6
416,"2021-06-14 01:46:41","2021-06-14 01:45:24","1",1,"1",1,4334.86,130555.92,12,9,1,416,4
417,"2021-06-14 01:46:41","2021-06-14 01:50:30","0",4,"0",4,5435.01,105341.86,25,4,1,417,17
418,"2021-06-14 01:46:41","2021-06-14 01:51:33","1",1,"1",1,4927.09,78715.87,27,7,0,418,6
419,"2021-06-14 01:46:41","2021-06-14 01:51:45","0",2,"0",2,3718.11,88239.78,28,7,1,419,9
420,"2021-06-14 01:46:41","2021-06-14 01:49:34","0",0,"0",0,6015.27,117153.38,22,6,1,420,1
421,"2021-06-14 01:46:41","2021-06-14 01:54:15","0",2,"0",2,6163.06,41601.32,34,6,1,421,10
422,"2021-06-14 01:46:41","2021-06-14 01:51:15","0",3,"0",3,4059.96,127381.11,26,9,1,422,12
423,"2021-06-14 01:46:41","2021-06-14 01:50:56","0",2,"0",2,4814.53,60821.25,26,5,2,423,11
424,"2021-06-14 01:46:41","2021-06-14 01:53:14","1",1,"1",1,5730.61,100548.28,31,6,2,424,6
425,"2021-06-14 01:46:41","2021-06-14 01:49:15","0",4,"0",4,5863.72,95241.03,21,7,1,425,16
426,"2021-06-14 01:46:41","2021-06-14 01:49:47","0",3,"0",3,4471.25,132326.74,23,3,2,426,12
427,"2021-06-14 01:46:41","2021-06-14 01:55:29","1",1,"1",1,4121.46,104721.23,37,9,2,427,6
428,"2021-06-14 01:46:41","2021-06-14 01:50:42","0",2,"0",2,5345.08,102548.48,25,8,0,428,8
429,"2021-06-14 01:46:41","2021-06-14 01:53:57","1",1,"1",1,3083.98,117453.4,33,5,0,429,4
430,"2021-06-14 01:46:41","2021-06-14 01:47:48","0",3,"0",3,4049.92,79324.64,18,16,1,430,16
431,"2021-06-14 01:46:41","2021-06-14 01:50:18","0",4,"0",4,5773.59,95102.53,24,4,1,431,17
432,"2021-06-14 01:46:41","2021-06-14 01:51:26","0",2,"0",2,3296.2,129439.61,27,18,0,432,11
433,"2021-06-14 01:46:41","2021-06-14 01:51:17","1",1,"1",1,3799.22,117086.84,27,9,0,433,7
434,"2021-06-14 01:46:41","2021-06-14 01:48:40","0",4,"0",4,4759.21,68112.58,20,5,2,434,18
435,"2021-06-14 01:46:41","2021-06-14 01:50:43","1",1,"1",1,4697.93,115948.91,25,6,1,435,5
436,"2021-06-14 01:46:41","2021-06-14 01:48:32","0",2,"0",2,3245.96,65560.26,20,5,1,436,11
437,"2021-06-14 01:46:41","2021-06-14 01:52:07","0",0,"0",0,5509.38,85042.23,29,6,1,437,3
438,"2021-06-14 01:46:41","2021-06-14 01:52:51","0",2,"0",2,3978.54,130273.01,30,7,1,438,9
439,"2021-06-14 01:46:41","2021-06-14 01:46:14","0",0,"0",0,4841.94,43723.87,14,6,0,439,3
440,"2021-06-14 01:46:41","2021-06-14 01:53:09","1",1,"1",1,4803.43,55524.65,31,11,0,440,4
441,"2021-06-14 01:46:41","2021-06-14 01:48:12","1",1,"1",1,5696.63,132534.32,19,13,1,441,6
442,"2021-06-14 01:46:41","2021-06-14 01:51:36","0",2,"0",2,4934.02,79630.18,27,12,2,442,11
443,"2021-06-14 01:46:41","2021-06-14 01:52:00","0",3,"0",3,4865.65,131092.68,28,13,0,443,13
444,"2021-06-14 01:46:41","2021-06-14 01:50:17","1",1,"1",1,6654.74,95793.74,24,5,1,444,4
445,"2021-06-14 01:46:41","2021-06-14 01:49:24","0",3,"0",3,5371.89,110694.39,22,5,1,445,16
446,"2021-06-14 01:46:41","2021-06-14 01:51:01","0",3,"0",3,5623.54,120331.97,26,9,0,446,13
447,"2021-06-14 01:46:41","2021-06-14 01:51:34","0",3,"0",3,5474.9,83719.7,27,9,0,447,14
448,"2021-06-14 01:46:41","2021-06-14 01:52:27","1",1,"1",1,5571.63,92385.23,29,4,1,448,4
449,"2021-06-14 01:46:41","2021-06-14 01:46:35","1",1,"1",1,6335.74,89622.57,15,7,2,449,7
450,"2021-06-14 01:46:41","2021-06-14 01:47:25","0",3,"0",3,4942.9,170402.11,17,9,2,450,12
451,"2021-06-14 01:46:41","2021-06-14 01:53:33","0",2,"0",2,5242.84,103153.68,32,8,1,451,10
452,"2021-06-14 01:46:41","2021-06-14 01:52:47","1",1,"1",1,6969.63,111820.01,30,5,2,452,7
453,"2021-06-14 01:46:41","2021-06-14 01:51:33","1",1,"1",1,4469.96,91481.16,27,8,0,453,5
454,"2021-06-14 01:46:41","2021-06-14 01:52:07","0",0,"0",0,6291.01,93955.23,29,3,2,454,2
455,"2021-06-14 01:46:41","2021-06-14 01:52:31","1",1,"1",1,4392.92,134468.87,30,5,1,455,5
456,"2021-06-14 01:46:41","2021-06-14 01:45:22","0",4,"0",4,6710.14,91527.91,12,5,0,456,16
457,"2021-06-14 01:46:41","2021-06-14 01:52:54","0",3,"0",3,4333.75,100503.41,31,8,1,457,15
458,"2021-06-14 01:46:41","2021-06-14 01:49:43","0",3,"0",3,4185.63,109424.05,23,5,2,458,14
459,"2021-06-14 01:46:41","2021-06-14 01:51:09","1",1,"1",1,6036.4,89206.91,26,10,1,459,4
460,"2021-06-14 01:46:41","2021-06-14 01:50:06","0",0,"0",0,5964.93,148976.6,24,6,2,460,3
461,"2021-06-14 01:46:41","2021-06-14 01:52:26","0",4,"0",4,5551.71,64288.51,29,8,0,461,18
462,"2021-06-14 01:46:41","2021-06-14 01:49:59","0",2,"0",2,5273.19,150282.32,23,11,1,462,8
463,"2021-06-14 01:46:41","2021-06-14 01:51:43","0",2,"0",2,5241.86,91210.2,28,8,1,463,9
464,"2021-06-14 01:46:41","2021-06-14 01:49:54","1",1,"1",1,7054.76,133927.99,23,8,1,464,4
465,"2021-06-14 01:46:41","2021-06-14 01:48:30","0",2,"0",2,3567.47,50020.56,20,8,1,465,11
466,"2021-06-14 01:46:41","2021-06-14 01:53:06","1",1,"1",1,4013.66,123902.02,31,10,2,466,6
467,"2021-06-14 01:46:41","2021-06-14 01:52:10","1",1,"1",1,3720.86,121910.78,29,5,0,467,5
468,"2021-06-14 01:46:41","2021-06-14 01:54:08","0",3,"0",3,5960.76,68219.58,34,6,2,468,13
469,"2021-06-14 01:46:41","2021-06-14 01:50:49","1",1,"1",1,4754.36,80791.9,25,11,1,469,6
470,"2021-06-14 01:46:41","2021-06-14 01:52:56","0",3,"0",3,4869.99,104838.12,31,4,0,470,15
471,"2021-06-14 01:46:41","2021-06-14 01:54:38","0",0,"0",0,6783.31,128595.89,35,6,2,471,3
472,"2021-06-14 01:46:41","2021-06-14 01:50:07","0",3,"0",3,4420.97,80850.02,24,5,2,472,15
473,"2021-06-14 01:46:41","2021-06-14 01:48:02","0",2,"0",2,7022.79,94396.85,18,6,2,473,8
474,"2021-06-14 01:46:41","2021-06-14 01:50:12","0",3,"0",3,3590.56,139283.67,24,10,0,474,14
475,"2021-06-14 01:46:41","2021-06-14 01:50:15","0",3,"0",3,6317.84,71816.32,24,8,0,475,12
476,"2021-06-14 01:46:41","2021-06-14 01:50:59","0",2,"0",2,5323.12,123694.85,26,5,2,476,9
477,"2021-06-14 01:46:41","2021-06-14 01:54:06","0",3,"0",3,4611.4,111219.2,34,5,1,477,12
478,"2021-06-14 01:46:41","2021-06-14 01:50:02","0",0,"0",0,4827.16,72354.64,23,9,1,478,1
479,"2021-06-14 01:46:41","2021-06-14 01:51:26","1",1,"1",1,6338.97,83303.3,27,8,1,479,5
480,"2021-06-14 01:46:41","2021-06-14 01:50:14","0",3,"0",3,6703.81,119581.94,24,9,1,480,13
481,"2021-06-14 01:46:41","2021-06-14 01:50:43","1",1,"1",1,3321.53,106223.99,25,8,1,481,5
482,"2021-06-14 01:46:41","2021-06-14 01:51:19","0",3,"0",3,8421.09,135627.46,27,6,1,482,15
483,"2021-06-14 01:46:41","2021-06-14 01:53:20","1",1,"1",1,7577.94,84955.4,32,7,1,483,6
484,"2021-06-14 01:46:41","2021-06-14 01:50:56","0",3,"0",3,4474.68,57137.81,26,5,0,484,13
485,"2021-06-14 01:46:41","2021-06-14 01:52:07","0",4,"0",4,4935.62,126195.67,29,12,0,485,17
486,"2021-06-14 01:46:41","2021-06-14 01:52:14","0",0,"0",0,4336.45,84784.46,29,10,2,486,3
487,"2021-06-14 01:46:41","2021-06-14 01:52:31","1",1,"1",1,4907,103008.51,30,7,0,487,3
488,"2021-06-14 01:46:41","2021-06-14 01:49:32","0",3,"0",3,5739.86,142976.05,22,6,2,488,13
489,"2021-06-14 01:46:41","2021-06-14 01:53:56","0",2,"0",2,5103.36,93739.65,33,11,1,489,8
490,"2021-06-14 01:46:41","2021-06-14 01:49:55","0",3,"0",3,5192.01,138738.88,23,6,1,490,15
491,"2021-06-14 01:46:41","2021-06-14 01:50:28","0",4,"0",4,6478.81,72571.51,24,8,0,491,18
492,"2021-06-14 01:46:41","2021-06-14 01:53:29","0",0,"0",0,2796.13,123137.78,32,4,1,492,2
493,"2021-06-14 01:46:41","2021-06-14 01:53:16","0",2,"0",2,4508.56,106169.98,31,10,1,493,9
494,"2021-06-14 01:46:41","2021-06-14 01:48:30","0",3,"0",3,5144.42,81580.71,20,6,1,494,13
495,"2021-06-14 01:46:41","2021-06-14 01:48:56","0",0,"0",0,4216.9,67999.78,21,6,1,495,2
496,"2021-06-14 01:46:41","2021-06-14 01:47:58","0",4,"0",4,6060.97,101916.09,18,5,1,496,18
497,"2021-06-14 01:46:41","2021-06-14 01:51:03","1",1,"1",1,4554.49,106379.12,26,7,2,497,5
498,"2021-06-14 01:46:41","2021-06-14 01:51:01","0",0,"0",0,4570.82,106936.17,26,4,1,498,2
499,"2021-06-14 01:46:41","2021-06-14 01:51:25","0",3,"0",3,6189.01,113421.4,27,2,2,499,13
500,"2021-06-14 01:46:41","2021-06-14 01:51:47","0",3,"0",3,5834.29,88487.86,28,7,2,500,14
501,"2021-06-14 01:46:41","2021-06-14 01:49:29","1",1,"1",1,4849.69,87209.91,22,6,0,501,7
502,"2021-06-14 01:46:41","2021-06-14 01:48:42","1",1,"1",1,4672.24,105923.45,20,8,1,502,7
503,"2021-06-14 01:46:41","2021-06-14 01:52:44","1",1,"1",1,3551.83,86460.27,30,6,2,503,6
504,"2021-06-14 01:46:41","2021-06-14 01:52:11","0",0,"0",0,4302.72,130480.69,29,7,1,504,2
505,"2021-06-14 01:46:41","2021-06-14 01:47:40","1",1,"1",1,7598.49,104353.4,17,6,2,505,7
506,"2021-06-14 01:46:41","2021-06-14 01:50:30","1",1,"1",1,4962.58,84618.29,25,3,2,506,4
507,"2021-06-14 01:46:41","2021-06-14 01:48:53","0",2,"0",2,5913.49,54827.68,21,8,1,507,10
508,"2021-06-14 01:46:41","2021-06-14 01:46:33","0",2,"0",2,4815.47,83907.97,15,8,1,508,10
509,"2021-06-14 01:46:41","2021-06-14 01:50:59","0",4,"0",4,5609.82,151150.47,26,11,1,509,17
510,"2021-06-14 01:46:41","2021-06-14 01:50:31","1",1,"1",1,4947.27,85980.94,25,6,0,510,7
511,"2021-06-14 01:46:41","2021-06-14 01:50:29","0",2,"0",2,6363.92,79100.02,25,4,1,511,9
512,"2021-06-14 01:46:41","2021-06-14 01:51:07","0",0,"0",0,4496.37,116323.69,26,6,2,512,2
513,"2021-06-14 01:46:41","2021-06-14 01:52:27","0",3,"0",3,3290.94,111032.33,29,4,1,513,16
514,"2021-06-14 01:46:41","2021-06-14 01:51:06","0",2,"0",2,5898.55,118790.73,26,3,0,514,8
515,"2021-06-14 01:46:41","2021-06-14 01:49:27","0",3,"0",3,4762.27,93050.62,22,6,0,515,14
516,"2021-06-14 01:46:41","2021-06-14 01:49:13","1",1,"1",1,6463.41,128066.36,21,5,1,516,4
517,"2021-06-14 01:46:41","2021-06-14 01:50:25","0",2,"0",2,5124.38,70684.78,24,4,2,517,9
518,"2021-06-14 01:46:41","2021-06-14 01:51:18","0",3,"0",3,6453.74,98778.08,27,5,2,518,14
519,"2021-06-14 01:46:41","2021-06-14 01:48:36","0",0,"0",0,5350.23,82396.49,20,11,0,519,2
520,"2021-06-14 01:46:41","2021-06-14 01:50:19","0",3,"0",3,4650.97,117018.97,24,5,1,520,15
521,"2021-06-14 01:46:41","2021-06-14 01:52:37","1",1,"1",1,5725.6,103250.17,30,4,0,521,6
522,"2021-06-14 01:46:41","2021-06-14 01:50:28","1",1,"1",1,4540.76,127742.7,24,9,2,522,7
523,"2021-06-14 01:46:41","2021-06-14 01:49:17","1",1,"1",1,6684.76,151462.52,22,7,2,523,6
524,"2021-06-14 01:46:41","2021-06-14 01:50:08","0",0,"0",0,5146.58,103516.39,24,7,0,524,2
525,"2021-06-14 01:46:41","2021-06-14 01:52:55","0",2,"0",2,2970.14,86634.58,31,14,0,525,10
526,"2021-06-14 01:46:41","2021-06-14 01:51:47","0",3,"0",3,4527.83,79412.08,28,8,1,526,13
527,"2021-06-14 01:46:41","2021-06-14 01:53:09","0",4,"0",4,3367.63,93424.15,31,10,1,527,16
528,"2021-06-14 01:46:41","2021-06-14 01:50:58","0",0,"0",0,2821.64,98259.95,26,4,2,528,1
529,"2021-06-14 01:46:41","2021-06-14 01:51:30","0",4,"0",4,5059.21,149795.05,27,23,0,529,18
530,"2021-06-14 01:46:41","2021-06-14 01:49:34","1",1,"1",1,5647.86,71772.26,22,10,1,530,6
531,"2021-06-14 01:46:41","2021-06-14 01:51:54","0",4,"0",4,4238.57,72669.56,28,10,0,531,17
532,"2021-06-14 01:46:41","2021-06-14 01:49:40","0",3,"0",3,3671.16,89800.83,22,7,1,532,13
533,"2021-06-14 01:46:41","2021-06-14 01:47:51","0",2,"0",2,4397.97,114688.99,18,13,1,533,9
534,"2021-06-14 01:46:41","2021-06-14 01:50:56","0",3,"0",3,3449.47,120527.8,26,11,2,534,15
535,"2021-06-14 01:46:41","2021-06-14 01:54:35","0",0,"0",0,5703,77301.63,35,4,1,535,2
536,"2021-06-14 01:46:41","2021-06-14 01:52:17","0",3,"0",3,5574.5,103175.97,29,7,1,536,14
537,"2021-06-14 01:46:41","2021-06-14 01:53:01","1",1,"1",1,3404.71,98927.68,31,6,1,537,7
538,"2021-06-14 01:46:41","2021-06-14 01:51:24","0",3,"0",3,4375.93,129880.16,27,7,1,538,15
539,"2021-06-14 01:46:41","2021-06-14 01:49:28","0",2,"0",2,6047.22,127229.81,22,3,1,539,10
540,"2021-06-14 01:46:41","2021-06-14 01:50:17","1",1,"1",1,4831.94,92192.98,24,11,0,540,6
541,"2021-06-14 01:46:41","2021-06-14 01:50:08","0",3,"0",3,5009.52,101149.84,24,4,1,541,15
542,"2021-06-14 01:46:41","2021-06-14 01:49:45","0",0,"0",0,5417.24,116318.07,23,9,2,542,3
543,"2021-06-14 01:46:41","2021-06-14 01:52:06","0",3,"0",3,5626.83,58662.68,29,3,1,543,15
544,"2021-06-14 01:46:41","2021-06-14 01:48:17","1",1,"1",1,6206.24,92243.23,19,7,1,544,6
545,"2021-06-14 01:46:41","2021-06-14 01:52:25","0",3,"0",3,5772.57,114371.82,29,8,1,545,14
546,"2021-06-14 01:46:41","2021-06-14 01:52:25","0",4,"0",4,3622.43,86919.2,29,6,1,546,17
547,"2021-06-14 01:46:41","2021-06-14 01:48:17","0",0,"0",0,4637.57,98502.04,19,9,1,547,2
548,"2021-06-14 01:46:41","2021-06-14 01:51:58","0",3,"0",3,5302.3,99474.81,28,6,0,548,16
549,"2021-06-14 01:46:41","2021-06-14 01:55:33","0",3,"0",3,4890.92,81908.67,37,6,1,549,15
550,"2021-06-14 01:46:41","2021-06-14 01:49:34","0",2,"0",2,2820.83,75138,22,7,1,550,8
551,"2021-06-14 01:46:41","2021-06-14 01:52:22","1",1,"1",1,4241.89,95003.32,29,4,0,551,7
552,"2021-06-14 01:46:41","2021-06-14 01:49:07","1",1,"1",1,6014.55,91324.3,21,5,1,552,4
553,"2021-06-14 01:46:41","2021-06-14 01:52:54","0",2,"0",2,5158.05,120852.38,31,8,1,553,11
554,"2021-06-14 01:46:41","2021-06-14 01:51:11","0",4,"0",4,3527.44,138247.06,26,10,1,554,16
555,"2021-06-14 01:46:41","2021-06-14 01:53:59","0",2,"0",2,5215.93,99701.94,33,7,1,555,10
556,"2021-06-14 01:46:41","2021-06-14 01:47:46","0",2,"0",2,4841.29,109966.8,18,10,1,556,11
557,"2021-06-14 01:46:41","2021-06-14 01:50:35","0",3,"0",3,5671.85,98239.62,25,6,1,557,12
558,"2021-06-14 01:46:41","2021-06-14 01:49:38","0",2,"0",2,7106.56,115034,22,4,2,558,10
559,"2021-06-14 01:46:41","2021-06-14 01:50:17","0",2,"0",2,3484.1,105462.39,24,11,2,559,10
560,"2021-06-14 01:46:41","2021-06-14 01:49:25","0",0,"0",0,4494.94,105914.89,22,7,0,560,1
561,"2021-06-14 01:46:41","2021-06-14 01:49:01","0",0,"0",0,4861.24,127822.88,21,4,1,561,2
562,"2021-06-14 01:46:41","2021-06-14 01:51:50","0",4,"0",4,2863.79,75314.47,28,7,0,562,17
563,"2021-06-14 01:46:41","2021-06-14 01:48:30","0",3,"0",3,4968.78,136196.6,20,8,0,563,14
564,"2021-06-14 01:46:41","2021-06-14 01:53:39","1",1,"1",1,4406.83,108727.81,32,4,2,564,4
565,"2021-06-14 01:46:41","2021-06-14 01:48:19","0",3,"0",3,7235.6,104520.55,19,6,0,565,12
566,"2021-06-14 01:46:41","2021-06-14 01:50:53","0",3,"0",3,2082.02,85993.95,26,8,0,566,12
567,"2021-06-14 01:46:41","2021-06-14 01:51:45","0",2,"0",2,6488.22,95903.06,28,5,1,567,8
568,"2021-06-14 01:46:41","2021-06-14 01:51:51","0",3,"0",3,6008.02,109342.12,28,6,0,568,15
569,"2021-06-14 01:46:41","2021-06-14 01:50:05","0",2,"0",2,5735.09,48407.14,23,4,0,569,10
570,"2021-06-14 01:46:41","2021-06-14 01:50:51","0",4,"0",4,5146.81,84961.95,25,6,2,570,16
571,"2021-06-14 01:46:41","2021-06-14 01:52:36","0",2,"0",2,4289.2,114649.79,30,8,1,571,10
572,"2021-06-14 01:46:41","2021-06-14 01:47:46","0",4,"0",4,6105.63,92637.96,18,5,1,572,16
573,"2021-06-14 01:46:41","2021-06-14 01:49:07","0",2,"0",2,4114.25,79986.81,21,8,1,573,11
574,"2021-06-14 01:46:41","2021-06-14 01:51:19","0",2,"0",2,5694.76,84107.64,27,9,0,574,8
575,"2021-06-14 01:46:41","2021-06-14 01:49:48","0",4,"0",4,5402.64,105893.73,23,7,0,575,17
576,"2021-06-14 01:46:41","2021-06-14 01:53:25","0",3,"0",3,6076.24,59129.19,32,5,2,576,13
577,"2021-06-14 01:46:41","2021-06-14 01:52:02","0",2,"0",2,4403.45,121780.73,28,7,1,577,8
578,"2021-06-14 01:46:41","2021-06-14 01:50:50","0",0,"0",0,4419.01,45776.63,25,6,1,578,1
579,"2021-06-14 01:46:41","2021-06-14 01:47:40","0",2,"0",2,5302.08,87416.51,17,4,1,579,11
580,"2021-06-14 01:46:41","2021-06-14 01:50:44","0",2,"0",2,5305.69,80320.44,25,4,0,580,9
581,"2021-06-14 01:46:41","2021-06-14 01:50:03","0",4,"0",4,6374,68784.99,23,4,0,581,16
582,"2021-06-14 01:46:41","2021-06-14 01:50:29","0",3,"0",3,5485.4,73052.32,24,5,1,582,15
583,"2021-06-14 01:46:41","2021-06-14 01:48:19","0",3,"0",3,5144.84,106251.93,19,4,0,583,16
584,"2021-06-14 01:46:41","2021-06-14 01:51:41","1",1,"1",1,5842.62,97005.65,27,5,0,584,7
585,"2021-06-14 01:46:41","2021-06-14 01:48:36","0",3,"0",3,4456.39,92478.68,20,7,2,585,16
586,"2021-06-14 01:46:41","2021-06-14 01:50:14","1",1,"1",1,6092.97,41980.91,24,9,0,586,4
587,"2021-06-14 01:46:41","2021-06-14 01:51:27","1",1,"1",1,3977.46,66891.98,27,12,1,587,6
588,"2021-06-14 01:46:41","2021-06-14 01:49:07","0",3,"0",3,5338.15,96717.32,21,6,1,588,12
589,"2021-06-14 01:46:41","2021-06-14 01:51:51","0",4,"0",4,3293.15,78049.12,28,10,0,589,18
590,"2021-06-14 01:46:41","2021-06-14 01:48:03","0",2,"0",2,5246.45,80080.78,18,11,1,590,11
591,"2021-06-14 01:46:41","2021-06-14 01:45:04","0",2,"0",2,3432.04,126238.52,11,6,0,591,10
592,"2021-06-14 01:46:41","2021-06-14 01:51:37","0",0,"0",0,4768.52,104389.71,27,11,1,592,2
593,"2021-06-14 01:46:41","2021-06-14 01:52:22","0",4,"0",4,3242.54,73903.88,29,5,1,593,17
594,"2021-06-14 01:46:41","2021-06-14 01:50:07","0",0,"0",0,4360.38,88282.6,24,5,1,594,3
595,"2021-06-14 01:46:41","2021-06-14 01:51:41","0",0,"0",0,4223.83,92877.41,28,6,1,595,3
596,"2021-06-14 01:46:41","2021-06-14 01:48:22","0",4,"0",4,5554.77,82992.62,19,10,1,596,16
597,"2021-06-14 01:46:41","2021-06-14 01:50:26","0",2,"0",2,4417.88,75898.66,24,7,0,597,10
598,"2021-06-14 01:46:41","2021-06-14 01:46:48","1",1,"1",1,4231.4,98704.9,15,4,2,598,7
599,"2021-06-14 01:46:41","2021-06-14 01:53:03","0",4,"0",4,6221.52,118529.87,31,7,1,599,16
600,"2021-06-14 01:46:41","2021-06-14 01:54:24","0",0,"0",0,6669.17,105671.3,34,8,1,600,2
601,"2021-06-14 01:46:41","2021-06-14 01:52:50","1",1,"1",1,6093.48,94996.32,30,12,2,601,5
602,"2021-06-14 01:46:41","2021-06-14 01:50:38","0",3,"0",3,3508.76,109695.51,25,7,0,602,13
603,"2021-06-14 01:46:41","2021-06-14 01:50:37","1",1,"1",1,6276.65,119847.96,25,12,1,603,5
604,"2021-06-14 01:46:41","2021-06-14 01:47:39","1",1,"1",1,3771.46,96487.15,17,3,1,604,6
605,"2021-06-14 01:46:41","2021-06-14 01:52:16","1",1,"1",1,4928.05,111395.13,29,6,2,605,4
606,"2021-06-14 01:46:41","2021-06-14 01:50:16","0",3,"0",3,5734.46,71360.68,24,6,1,606,15
607,"2021-06-14 01:46:41","2021-06-14 01:49:22","1",1,"1",1,4786.11,93758.73,22,4,0,607,3
608,"2021-06-14 01:46:41","2021-06-14 01:47:52","0",3,"0",3,4849.61,89492.54,18,19,1,608,15
609,"2021-06-14 01:46:41","2021-06-14 01:50:05","1",1,"1",1,5125.38,104891.61,24,8,1,609,7
610,"2021-06-14 01:46:41","2021-06-14 01:48:59","1",1,"1",1,5427.86,108932.99,21,7,1,610,7
611,"2021-06-14 01:46:41","2021-06-14 01:49:53","0",3,"0",3,5411.35,96909.55,23,6,1,611,12
612,"2021-06-14 01:46:41","2021-06-14 01:48:15","0",0,"0",0,3273.64,80844.64,19,11,0,612,3
613,"2021-06-14 01:46:41","2021-06-14 01:54:04","0",0,"0",0,4824.35,76757.14,33,5,1,613,1
614,"2021-06-14 01:46:41","2021-06-14 01:50:39","0",4,"0",4,5286.84,106963.02,25,9,0,614,18
615,"2021-06-14 01:46:41","2021-06-14 01:52:50","0",2,"0",2,5590.74,133920.92,30,12,1,615,11
616,"2021-06-14 01:46:41","2021-06-14 01:45:29","0",3,"0",3,4682.64,80321.61,12,8,0,616,14
617,"2021-06-14 01:46:41","2021-06-14 01:49:47","0",4,"0",4,4297.35,90380.03,23,11,1,617,16
618,"2021-06-14 01:46:41","2021-06-14 01:49:20","0",3,"0",3,3632.41,108267.01,22,9,2,618,14
619,"2021-06-14 01:46:41","2021-06-14 01:48:14","0",4,"0",4,4271.19,86134.49,19,6,1,619,18
620,"2021-06-14 01:46:41","2021-06-14 01:53:47","0",0,"0",0,4878.48,103039.31,33,10,1,620,2
621,"2021-06-14 01:46:41","2021-06-14 01:47:51","0",4,"0",4,4364.79,98810.1,18,5,1,621,16
622,"2021-06-14 01:46:41","2021-06-14 01:51:19","0",3,"0",3,5594.7,80593.71,27,9,2,622,16
623,"2021-06-14 01:46:41","2021-06-14 01:52:23","0",3,"0",3,5367.5,120786.03,29,6,0,623,14
624,"2021-06-14 01:46:41","2021-06-14 01:51:02","0",2,"0",2,3391.26,121157.7,26,4,1,624,7
625,"2021-06-14 01:46:41","2021-06-14 01:48:56","0",0,"0",0,5317.33,125603.49,21,13,1,625,2
626,"2021-06-14 01:46:41","2021-06-14 01:52:34","1",1,"1",1,5541.7,131699.91,30,5,1,626,7
627,"2021-06-14 01:46:41","2021-06-14 01:51:01","1",1,"1",1,4738.67,87340.96,26,4,1,627,6
628,"2021-06-14 01:46:41","2021-06-14 01:48:33","0",3,"0",3,4973.5,88387.95,20,9,2,628,15
629,"2021-06-14 01:46:41","2021-06-14 01:47:54","1",1,"1",1,4567.76,106530.45,18,7,2,629,7
630,"2021-06-14 01:46:41","2021-06-14 01:54:51","1",1,"1",1,4706.61,115752.02,35,8,2,630,6
631,"2021-06-14 01:46:41","2021-06-14 01:49:20","0",3,"0",3,3992.96,91509.35,22,10,1,631,14
632,"2021-06-14 01:46:41","2021-06-14 01:46:58","0",3,"0",3,5425.21,89416.38,16,12,1,632,15
633,"2021-06-14 01:46:41","2021-06-14 01:51:45","0",2,"0",2,3775.18,84543.21,28,12,1,633,9
634,"2021-06-14 01:46:41","2021-06-14 01:51:18","0",3,"0",3,4409.54,137055.05,27,8,2,634,13
635,"2021-06-14 01:46:41","2021-06-14 01:47:59","0",0,"0",0,4086.36,37295.84,18,8,0,635,3
636,"2021-06-14 01:46:41","2021-06-14 01:46:48","1",1,"1",1,4129.08,95810.55,15,5,1,636,5
637,"2021-06-14 01:46:41","2021-06-14 01:50:27","0",4,"0",4,4631.44,100955.32,24,9,1,637,17
638,"2021-06-14 01:46:41","2021-06-14 01:52:58","0",3,"0",3,4514.75,73509.76,31,9,1,638,14
639,"2021-06-14 01:46:41","2021-06-14 01:51:57","0",3,"0",3,4300.04,109635.65,28,6,0,639,15
640,"2021-06-14 01:46:41","2021-06-14 01:49:42","0",2,"0",2,4746.57,50822.81,23,8,0,640,8
641,"2021-06-14 01:46:41","2021-06-14 01:49:01","0",2,"0",2,3415.1,123874.22,21,5,2,641,11
642,"2021-06-14 01:46:41","2021-06-14 01:51:14","0",3,"0",3,5111.04,58415.99,26,9,1,642,15
643,"2021-06-14 01:46:41","2021-06-14 01:51:00","0",4,"0",4,5631.85,44931.63,26,8,1,643,16
644,"2021-06-14 01:46:41","2021-06-14 01:51:57","0",2,"0",2,3716.9,80910.9,28,4,1,644,8
645,"2021-06-14 01:46:41","2021-06-14 01:49:54","0",0,"0",0,3586.9,104052.01,23,5,1,645,3
646,"2021-06-14 01:46:41","2021-06-14 01:52:29","0",3,"0",3,7232,83710.82,29,6,1,646,12
647,"2021-06-14 01:46:41","2021-06-14 01:49:01","0",3,"0",3,5239.51,86017.83,21,6,1,647,14
648,"2021-06-14 01:46:41","2021-06-14 01:50:01","0",0,"0",0,5053.19,108330.12,23,8,0,648,2
649,"2021-06-14 01:46:41","2021-06-14 01:52:10","1",1,"1",1,4801.49,73527.48,29,9,1,649,6
650,"2021-06-14 01:46:41","2021-06-14 01:52:40","0",2,"0",2,5492.65,97853.76,30,8,2,650,11
651,"2021-06-14 01:46:41","2021-06-14 01:46:48","0",3,"0",3,5037.24,112448.32,15,4,1,651,14
652,"2021-06-14 01:46:41","2021-06-14 01:50:54","0",4,"0",4,4454.09,140849.74,26,12,1,652,17
653,"2021-06-14 01:46:41","2021-06-14 01:51:54","0",2,"0",2,4567.52,111986.3,28,6,2,653,9
654,"2021-06-14 01:46:41","2021-06-14 01:47:47","0",2,"0",2,4655.52,142869.07,18,7,1,654,11
655,"2021-06-14 01:46:41","2021-06-14 01:51:39","0",3,"0",3,4680.33,111329,27,8,1,655,14
656,"2021-06-14 01:46:41","2021-06-14 01:49:02","0",3,"0",3,4248.3,99918.97,21,9,0,656,16
657,"2021-06-14 01:46:41","2021-06-14 01:52:43","0",4,"0",4,6074.1,43586.63,30,7,2,657,16
658,"2021-06-14 01:46:41","2021-06-14 01:51:46","0",0,"0",0,5093.82,69383.54,28,4,2,658,2
659,"2021-06-14 01:46:41","2021-06-14 01:52:13","0",2,"0",2,4226.93,92025.93,29,13,0,659,10
660,"2021-06-14 01:46:41","2021-06-14 01:50:55","1",1,"1",1,5591.25,117806.76,26,7,1,660,7
661,"2021-06-14 01:46:41","2021-06-14 01:52:25","0",3,"0",3,5350.23,91937.16,29,7,1,661,15
662,"2021-06-14 01:46:41","2021-06-14 01:53:27","0",3,"0",3,4862.42,113591.22,32,4,1,662,15
663,"2021-06-14 01:46:41","2021-06-14 01:54:37","0",0,"0",0,5400.88,73404.72,35,4,1,663,3
664,"2021-06-14 01:46:41","2021-06-14 01:50:38","0",3,"0",3,4093.62,93146.76,25,16,1,664,13
665,"2021-06-14 01:46:41","2021-06-14 01:46:11","1",1,"1",1,4801.16,105425.15,14,11,1,665,5
666,"2021-06-14 01:46:41","2021-06-14 01:50:45","0",0,"0",0,4000.85,91015.36,25,11,2,666,2
667,"2021-06-14 01:46:41","2021-06-14 01:51:06","0",4,"0",4,3816.19,102820.79,26,7,1,667,17
668,"2021-06-14 01:46:41","2021-06-14 01:50:22","1",1,"1",1,4668.6,83231.3,24,7,0,668,4
669,"2021-06-14 01:46:41","2021-06-14 01:51:49","0",3,"0",3,5168.02,109358.63,28,7,2,669,12
670,"2021-06-14 01:46:41","2021-06-14 01:52:42","1",1,"1",1,4086.99,97973.63,30,1,1,670,4
671,"2021-06-14 01:46:41","2021-06-14 01:49:39","0",0,"0",0,4824.94,98823.77,22,6,0,671,1
672,"2021-06-14 01:46:41","2021-06-14 01:50:06","0",2,"0",2,3169.55,51280.32,24,8,0,672,10
673,"2021-06-14 01:46:41","2021-06-14 01:51:29","0",0,"0",0,4553.26,83158.29,27,10,1,673,2
674,"2021-06-14 01:46:41","2021-06-14 01:49:35","1",1,"1",1,6170.67,62758.9,22,7,0,674,6
675,"2021-06-14 01:46:41","2021-06-14 01:50:52","0",2,"0",2,3848.58,59857.05,25,10,0,675,8
676,"2021-06-14 01:46:41","2021-06-14 01:46:46","0",2,"0",2,3807.07,87652.92,15,6,1,676,11
677,"2021-06-14 01:46:41","2021-06-14 01:48:27","0",3,"0",3,4780.14,95980.04,19,5,1,677,15
678,"2021-06-14 01:46:41","2021-06-14 01:48:02","1",1,"1",1,5534.67,107090.01,18,7,0,678,4
679,"2021-06-14 01:46:41","2021-06-14 01:48:59","0",2,"0",2,6236.11,127281.57,21,8,0,679,9
680,"2021-06-14 01:46:41","2021-06-14 01:49:18","0",2,"0",2,7653.74,111110.01,22,5,1,680,9
681,"2021-06-14 01:46:41","2021-06-14 01:51:27","0",3,"0",3,5800.89,125301.76,27,7,1,681,13
682,"2021-06-14 01:46:41","2021-06-14 01:52:39","0",3,"0",3,5671.45,86842.24,30,6,1,682,13
683,"2021-06-14 01:46:41","2021-06-14 01:49:14","0",3,"0",3,7027.92,92304,21,7,0,683,15
684,"2021-06-14 01:46:41","2021-06-14 01:48:41","0",4,"0",4,4699.08,127129.22,20,5,1,684,16
685,"2021-06-14 01:46:41","2021-06-14 01:48:36","0",4,"0",4,4786.65,100030.18,20,8,1,685,17
686,"2021-06-14 01:46:41","2021-06-14 01:49:51","0",2,"0",2,5253.27,57993.88,23,6,1,686,10
687,"2021-06-14 01:46:41","2021-06-14 01:50:12","0",2,"0",2,3579.91,78836.11,24,6,2,687,10
688,"2021-06-14 01:46:41","2021-06-14 01:51:39","1",1,"1",1,3164.56,125189.8,27,12,0,688,4
689,"2021-06-14 01:46:41","2021-06-14 01:50:02","0",2,"0",2,6806.79,84731.57,23,6,1,689,9
690,"2021-06-14 01:46:41","2021-06-14 01:46:32","1",1,"1",1,4425,108336.1,15,6,1,690,5
691,"2021-06-14 01:46:41","2021-06-14 01:50:30","0",0,"0",0,4542.12,100355.57,25,7,1,691,2
692,"2021-06-14 01:46:41","2021-06-14 01:53:03","0",3,"0",3,4007.04,87591.06,31,3,0,692,12
693,"2021-06-14 01:46:41","2021-06-14 01:53:04","0",2,"0",2,5144.07,91230.34,31,7,2,693,10
694,"2021-06-14 01:46:41","2021-06-14 01:49:06","1",1,"1",1,5591.14,109793.01,21,7,2,694,3
695,"2021-06-14 01:46:41","2021-06-14 01:47:35","1",1,"1",1,4771.39,105239.47,17,13,2,695,6
696,"2021-06-14 01:46:41","2021-06-14 01:55:36","0",2,"0",2,5014.7,130866.75,37,5,2,696,11
697,"2021-06-14 01:46:41","2021-06-14 01:50:22","1",1,"1",1,5951.39,95004.51,24,7,2,697,4
698,"2021-06-14 01:46:41","2021-06-14 01:50:29","0",0,"0",0,4989.23,76919.8,25,7,1,698,3
699,"2021-06-14 01:46:41","2021-06-14 01:51:31","0",2,"0",2,4438.66,104147.58,27,7,1,699,8
700,"2021-06-14 01:46:41","2021-06-14 01:47:27","1",1,"1",1,4939.39,117633.36,17,6,2,700,7
701,"2021-06-14 01:46:41","2021-06-14 01:49:14","0",3,"0",3,4157.67,157049.17,21,11,0,701,15
702,"2021-06-14 01:46:41","2021-06-14 01:47:36","1",1,"1",1,5101.89,88407.92,17,6,1,702,5
703,"2021-06-14 01:46:41","2021-06-14 01:49:18","0",0,"0",0,4102.07,91841.16,22,7,1,703,1
704,"2021-06-14 01:46:41","2021-06-14 01:50:55","0",3,"0",3,6393.93,122062.33,26,5,0,704,16
705,"2021-06-14 01:46:41","2021-06-14 01:47:57","1",1,"1",1,2513.48,132032.15,18,18,1,705,7
706,"2021-06-14 01:46:41","2021-06-14 01:51:52","0",3,"0",3,5401.29,83532.95,28,7,1,706,12
707,"2021-06-14 01:46:41","2021-06-14 01:51:16","0",2,"0",2,4511.97,116614.26,26,5,2,707,10
708,"2021-06-14 01:46:41","2021-06-14 01:48:52","0",2,"0",2,6987.15,85871.06,20,4,1,708,7
709,"2021-06-14 01:46:41","2021-06-14 01:51:08","1",1,"1",1,4765.54,75945.54,26,6,1,709,4
710,"2021-06-14 01:46:41","2021-06-14 01:52:11","0",2,"0",2,5481.84,115584.02,29,6,0,710,8
711,"2021-06-14 01:46:41","2021-06-14 01:52:48","0",3,"0",3,5386.89,102662.44,30,5,1,711,12
712,"2021-06-14 01:46:41","2021-06-14 01:50:15","0",2,"0",2,5247.67,109733.27,24,7,1,712,10
713,"2021-06-14 01:46:41","2021-06-14 01:50:30","0",3,"0",3,5518.12,85487.41,25,6,2,713,12
714,"2021-06-14 01:46:41","2021-06-14 01:50:31","0",3,"0",3,6997.41,144874.45,25,3,1,714,13
715,"2021-06-14 01:46:41","2021-06-14 01:53:34","0",2,"0",2,5927.51,116632.2,32,12,1,715,9
716,"2021-06-14 01:46:41","2021-06-14 01:52:56","0",2,"0",2,5196.42,90639.94,31,6,0,716,8
717,"2021-06-14 01:46:41","2021-06-14 01:52:21","0",0,"0",0,6790.27,117568.72,29,2,2,717,1
718,"2021-06-14 01:46:41","2021-06-14 01:50:07","0",0,"0",0,5583.2,69637.14,24,8,1,718,1
719,"2021-06-14 01:46:41","2021-06-14 01:51:26","0",4,"0",4,5650.33,96556.25,27,9,1,719,18
720,"2021-06-14 01:46:41","2021-06-14 01:51:29","0",0,"0",0,6245.03,135083.95,27,5,0,720,3
721,"2021-06-14 01:46:41","2021-06-14 01:48:36","0",2,"0",2,5161.11,95279.02,20,6,1,721,8
722,"2021-06-14 01:46:41","2021-06-14 01:47:14","0",3,"0",3,5725.49,122762.26,16,5,0,722,13
723,"2021-06-14 01:46:41","2021-06-14 01:51:58","0",3,"0",3,4725.52,94451.95,28,8,1,723,14
724,"2021-06-14 01:46:41","2021-06-14 01:47:37","0",3,"0",3,5124.84,42549.34,17,7,0,724,16
725,"2021-06-14 01:46:41","2021-06-14 01:50:41","0",2,"0",2,5039.64,77994.69,25,11,1,725,11
726,"2021-06-14 01:46:41","2021-06-14 01:51:11","0",3,"0",3,4360.27,105568.39,26,5,1,726,14
727,"2021-06-14 01:46:41","2021-06-14 01:51:49","0",3,"0",3,7034.65,136163.82,28,4,0,727,15
728,"2021-06-14 01:46:41","2021-06-14 01:51:04","0",2,"0",2,4441.1,85164.95,26,5,1,728,11
729,"2021-06-14 01:46:41","2021-06-14 01:49:13","0",3,"0",3,4644.22,106899.48,21,4,2,729,14
730,"2021-06-14 01:46:41","2021-06-14 01:52:39","0",0,"0",0,6324.42,75879.52,30,13,0,730,1
731,"2021-06-14 01:46:41","2021-06-14 01:54:10","0",2,"0",2,4979.38,74588.59,34,6,0,731,8
732,"2021-06-14 01:46:41","2021-06-14 01:52:27","0",3,"0",3,6168.13,80567.08,29,4,1,732,16
733,"2021-06-14 01:46:41","2021-06-14 01:46:48","0",3,"0",3,4392.64,134226.55,15,9,1,733,12
734,"2021-06-14 01:46:41","2021-06-14 01:53:29","0",4,"0",4,4987.16,123507.75,32,7,1,734,17
735,"2021-06-14 01:46:41","2021-06-14 01:50:34","1",1,"1",1,4749.06,114841.63,25,8,1,735,4
736,"2021-06-14 01:46:41","2021-06-14 01:51:44","1",1,"1",1,4030.89,127886.56,28,9,1,736,6
737,"2021-06-14 01:46:41","2021-06-14 01:51:56","0",3,"0",3,4696.69,89389.38,28,7,2,737,15
738,"2021-06-14 01:46:41","2021-06-14 01:50:29","0",4,"0",4,4344.73,118989.42,25,5,1,738,18
739,"2021-06-14 01:46:41","2021-06-14 01:50:32","1",1,"1",1,5857.45,105240.73,25,10,1,739,6
740,"2021-06-14 01:46:41","2021-06-14 01:52:43","0",0,"0",0,4709.02,73772.48,30,7,1,740,1
741,"2021-06-14 01:46:41","2021-06-14 01:52:06","0",4,"0",4,4917.22,79223.44,29,8,2,741,18
742,"2021-06-14 01:46:41","2021-06-14 01:52:40","1",1,"1",1,4172.16,101251.32,30,6,0,742,4
743,"2021-06-14 01:46:41","2021-06-14 01:55:27","0",0,"0",0,5215.2,105140.75,37,9,1,743,2
744,"2021-06-14 01:46:41","2021-06-14 01:52:01","0",2,"0",2,3388.06,91966.04,28,4,1,744,11
745,"2021-06-14 01:46:41","2021-06-14 01:51:06","1",1,"1",1,2050.13,75087.72,26,8,2,745,6
746,"2021-06-14 01:46:41","2021-06-14 01:46:16","0",2,"0",2,6880.11,47727.7,14,16,0,746,10
747,"2021-06-14 01:46:41","2021-06-14 01:56:04","0",3,"0",3,5757.26,110630.89,38,7,1,747,15
748,"2021-06-14 01:46:41","2021-06-14 01:49:43","0",0,"0",0,5634.73,92618.21,23,7,0,748,2
749,"2021-06-14 01:46:41","2021-06-14 01:55:26","0",3,"0",3,2763.49,113729.02,37,5,1,749,13
750,"2021-06-14 01:46:41","2021-06-14 01:51:26","0",4,"0",4,5677.13,61352.7,27,9,2,750,17
751,"2021-06-14 01:46:41","2021-06-14 01:53:46","1",1,"1",1,5519.81,68666.6,33,10,2,751,6
752,"2021-06-14 01:46:41","2021-06-14 01:50:28","1",1,"1",1,4922.34,97216.7,24,11,0,752,5
753,"2021-06-14 01:46:41","2021-06-14 01:51:42","1",1,"1",1,5825.04,64679.66,28,5,0,753,4
754,"2021-06-14 01:46:41","2021-06-14 01:51:07","0",0,"0",0,6120.57,50426.15,26,3,1,754,2
755,"2021-06-14 01:46:41","2021-06-14 01:50:19","0",2,"0",2,4877.84,119589.89,24,4,1,755,10
756,"2021-06-14 01:46:41","2021-06-14 01:50:27","0",2,"0",2,6945.34,122521.73,24,7,2,756,9
757,"2021-06-14 01:46:41","2021-06-14 01:52:43","0",2,"0",2,5988.36,74250.91,30,11,1,757,9
758,"2021-06-14 01:46:41","2021-06-14 01:50:17","0",4,"0",4,6224.39,93198.57,24,6,1,758,16
759,"2021-06-14 01:46:41","2021-06-14 01:46:36","0",0,"0",0,4684.88,71650.68,15,5,0,759,2
760,"2021-06-14 01:46:41","2021-06-14 01:50:17","1",1,"1",1,4868.88,107910.67,24,12,1,760,4
761,"2021-06-14 01:46:41","2021-06-14 01:51:46","0",2,"0",2,4077.41,99258.04,28,8,1,761,10
762,"2021-06-14 01:46:41","2021-06-14 01:51:55","1",1,"1",1,5407.37,78263.49,28,3,2,762,5
763,"2021-06-14 01:46:41","2021-06-14 01:51:55","0",2,"0",2,5264.01,80644.56,28,9,0,763,11
764,"2021-06-14 01:46:41","2021-06-14 01:47:18","0",2,"0",2,5091.28,73447.97,17,6,1,764,9
765,"2021-06-14 01:46:41","2021-06-14 01:51:25","0",2,"0",2,4319.31,110909.36,27,6,1,765,11
766,"2021-06-14 01:46:41","2021-06-14 01:52:37","1",1,"1",1,4768.03,114275.22,30,5,0,766,3
767,"2021-06-14 01:46:41","2021-06-14 01:53:14","1",1,"1",1,6985.11,109411.87,31,16,0,767,3
768,"2021-06-14 01:46:41","2021-06-14 01:50:14","0",2,"0",2,4070.84,78927.76,24,6,1,768,8
769,"2021-06-14 01:46:41","2021-06-14 01:50:02","0",3,"0",3,4593.91,55345.76,23,5,1,769,13
770,"2021-06-14 01:46:41","2021-06-14 01:53:40","0",3,"0",3,3596.57,113271.89,32,6,2,770,12
771,"2021-06-14 01:46:41","2021-06-14 01:47:21","0",4,"0",4,3759.27,95573.53,17,11,1,771,17
772,"2021-06-14 01:46:41","2021-06-14 01:49:49","0",3,"0",3,4713.23,99015.19,23,7,2,772,15
773,"2021-06-14 01:46:41","2021-06-14 01:51:36","0",3,"0",3,4608.71,125803.2,27,5,2,773,12
774,"2021-06-14 01:46:41","2021-06-14 01:47:27","0",3,"0",3,4383.1,77662.1,17,7,0,774,15
775,"2021-06-14 01:46:41","2021-06-14 01:51:15","1",1,"1",1,4226.16,128600.38,26,9,0,775,3
776,"2021-06-14 01:46:41","2021-06-14 01:54:26","1",1,"1",1,4803.37,89670.21,34,8,1,776,5
777,"2021-06-14 01:46:41","2021-06-14 01:50:41","1",1,"1",1,6134.02,82170.3,25,8,1,777,7
778,"2021-06-14 01:46:41","2021-06-14 01:50:08","0",2,"0",2,4642.2,94856.35,24,4,2,778,8
779,"2021-06-14 01:46:41","2021-06-14 01:51:38","0",3,"0",3,3716.8,109750.49,27,6,1,779,12
780,"2021-06-14 01:46:41","2021-06-14 01:50:08","0",3,"0",3,3930.95,94819.61,24,10,1,780,15
781,"2021-06-14 01:46:41","2021-06-14 01:52:19","1",1,"1",1,2995.65,77487.32,29,7,2,781,5
782,"2021-06-14 01:46:41","2021-06-14 01:52:30","0",3,"0",3,3289.48,92959.39,30,2,2,782,15
783,"2021-06-14 01:46:41","2021-06-14 01:50:41","0",0,"0",0,4252.58,36451.72,25,7,0,783,1
784,"2021-06-14 01:46:41","2021-06-14 01:48:20","0",3,"0",3,4023.58,87287.21,19,7,1,784,12
785,"2021-06-14 01:46:41","2021-06-14 01:48:03","0",3,"0",3,3850.97,111399.16,18,4,1,785,15
786,"2021-06-14 01:46:41","2021-06-14 01:49:30","0",2,"0",2,6989.24,95768.51,22,26,1,786,9
787,"2021-06-14 01:46:41","2021-06-14 01:52:17","1",1,"1",1,6751.13,117208.19,29,6,2,787,4
788,"2021-06-14 01:46:41","2021-06-14 01:46:46","0",0,"0",0,7564.41,112149.56,15,5,0,788,1
789,"2021-06-14 01:46:41","2021-06-14 01:46:55","1",1,"1",1,5776.5,116141.17,16,4,1,789,6
790,"2021-06-14 01:46:41","2021-06-14 01:49:23","0",4,"0",4,4838.75,116401.12,22,7,0,790,17
791,"2021-06-14 01:46:41","2021-06-14 01:51:28","0",4,"0",4,3956.74,56535.48,27,5,1,791,17
792,"2021-06-14 01:46:41","2021-06-14 01:48:51","0",2,"0",2,3899.23,100103.99,20,4,0,792,10
793,"2021-06-14 01:46:41","2021-06-14 01:52:27","1",1,"1",1,4503.13,140751.68,29,6,1,793,5
794,"2021-06-14 01:46:41","2021-06-14 01:51:21","0",2,"0",2,6280.52,87987.87,27,3,0,794,9
795,"2021-06-14 01:46:41","2021-06-14 01:50:21","0",3,"0",3,5666.47,111320.06,24,7,0,795,15
796,"2021-06-14 01:46:41","2021-06-14 01:52:19","0",2,"0",2,5889.5,103584.84,29,8,1,796,8
797,"2021-06-14 01:46:41","2021-06-14 01:51:28","0",0,"0",0,4812.88,113925.31,27,7,2,797,3
798,"2021-06-14 01:46:41","2021-06-14 01:49:47","1",1,"1",1,3446.36,93199.25,23,6,2,798,6
799,"2021-06-14 01:46:41","2021-06-14 01:51:09","1",1,"1",1,5326.4,83792.52,26,9,1,799,7
800,"2021-06-14 01:46:41","2021-06-14 01:51:59","1",1,"1",1,4785.39,101799.02,28,4,1,800,5
801,"2021-06-14 01:46:41","2021-06-14 01:51:24","0",2,"0",2,4696.04,105195.37,27,9,0,801,9
802,"2021-06-14 01:46:41","2021-06-14 01:49:22","1",1,"1",1,7184.17,95366.69,22,4,0,802,7
803,"2021-06-14 01:46:41","2021-06-14 01:52:24","0",0,"0",0,5869.69,100786.02,29,6,1,803,3
804,"2021-06-14 01:46:41","2021-06-14 01:52:59","0",0,"0",0,4771.59,110283.8,31,7,1,804,2
805,"2021-06-14 01:46:41","2021-06-14 01:51:14","1",1,"1",1,3096.55,80595.4,26,5,2,805,5
806,"2021-06-14 01:46:41","2021-06-14 01:50:58","0",4,"0",4,4713.36,128491.94,26,6,0,806,17
807,"2021-06-14 01:46:41","2021-06-14 01:50:32","0",2,"0",2,5990.39,155019.01,25,10,2,807,9
808,"2021-06-14 01:46:41","2021-06-14 01:55:00","0",2,"0",2,5372.82,136930.13,36,7,1,808,9
809,"2021-06-14 01:46:41","2021-06-14 01:51:14","0",3,"0",3,5272.11,88639.55,26,5,1,809,14
810,"2021-06-14 01:46:41","2021-06-14 01:50:22","0",3,"0",3,6045.09,54427.82,24,7,1,810,12
811,"2021-06-14 01:46:41","2021-06-14 01:45:40","0",0,"0",0,4830.99,101354.95,12,12,2,811,2
812,"2021-06-14 01:46:41","2021-06-14 01:47:33","0",3,"0",3,4654.2,122006.83,17,8,2,812,13
813,"2021-06-14 01:46:41","2021-06-14 01:50:32","1",1,"1",1,4746.03,119452.67,25,11,1,813,7
814,"2021-06-14 01:46:41","2021-06-14 01:51:06","0",4,"0",4,5734.51,69256.33,26,3,2,814,16
815,"2021-06-14 01:46:41","2021-06-14 01:51:14","0",3,"0",3,4730.65,72171.29,26,8,1,815,14
816,"2021-06-14 01:46:41","2021-06-14 01:52:20","1",1,"1",1,5760.3,103343.62,29,6,0,816,3
817,"2021-06-14 01:46:41","2021-06-14 01:50:18","1",1,"1",1,3771.82,115652.03,24,5,2,817,6
818,"2021-06-14 01:46:41","2021-06-14 01:53:07","1",1,"1",1,3728.93,121823.29,31,8,1,818,3
819,"2021-06-14 01:46:41","2021-06-14 01:48:50","0",2,"0",2,5127.38,120409.8,20,6,1,819,11
820,"2021-06-14 01:46:41","2021-06-14 01:48:16","0",2,"0",2,5760.38,75800.61,19,12,0,820,11
821,"2021-06-14 01:46:41","2021-06-14 01:48:14","0",3,"0",3,4592.35,67184.87,19,6,1,821,13
822,"2021-06-14 01:46:41","2021-06-14 01:52:10","1",1,"1",1,4422.58,49687.01,29,5,1,822,6
823,"2021-06-14 01:46:41","2021-06-14 01:50:31","0",2,"0",2,2160.62,112623.32,25,6,2,823,11
824,"2021-06-14 01:46:41","2021-06-14 01:52:16","0",4,"0",4,5374.32,120702.79,29,8,1,824,18
825,"2021-06-14 01:46:41","2021-06-14 01:50:09","0",3,"0",3,4097.15,108396.27,24,14,2,825,14
826,"2021-06-14 01:46:41","2021-06-14 01:49:30","0",0,"0",0,5402.57,73521.89,22,5,0,826,2
827,"2021-06-14 01:46:41","2021-06-14 01:49:57","0",2,"0",2,6427.21,139192.92,23,7,0,827,9
828,"2021-06-14 01:46:41","2021-06-14 01:46:59","0",0,"0",0,4504.08,90746.33,16,8,1,828,2
829,"2021-06-14 01:46:41","2021-06-14 01:48:21","1",1,"1",1,5696.73,144475.96,19,12,1,829,7
830,"2021-06-14 01:46:41","2021-06-14 01:47:48","0",3,"0",3,4847.45,113785.05,18,5,1,830,13
831,"2021-06-14 01:46:41","2021-06-14 01:52:48","0",0,"0",0,5368.6,129757.77,30,11,2,831,1
832,"2021-06-14 01:46:41","2021-06-14 01:49:29","0",3,"0",3,3844.2,108265.06,22,3,1,832,14
833,"2021-06-14 01:46:41","2021-06-14 01:52:16","0",2,"0",2,5417.82,98383.69,29,6,0,833,9
834,"2021-06-14 01:46:41","2021-06-14 01:53:43","0",3,"0",3,6304.96,74686.3,33,3,0,834,13
835,"2021-06-14 01:46:41","2021-06-14 01:50:18","0",3,"0",3,6796.71,86037.15,24,10,0,835,12
836,"2021-06-14 01:46:41","2021-06-14 01:51:15","0",2,"0",2,3812.62,98822.3,26,4,1,836,11
837,"2021-06-14 01:46:41","2021-06-14 01:47:11","0",3,"0",3,5533.69,107051.85,16,8,1,837,13
838,"2021-06-14 01:46:41","2021-06-14 01:49:03","0",3,"0",3,4491.98,99169.52,21,4,0,838,12
839,"2021-06-14 01:46:41","2021-06-14 01:50:48","1",1,"1",1,5522.72,95550.7,25,8,2,839,6
840,"2021-06-14 01:46:41","2021-06-14 01:51:17","0",0,"0",0,4821.54,104587.14,26,14,2,840,3
841,"2021-06-14 01:46:41","2021-06-14 01:49:10","0",4,"0",4,4751.97,86890.7,21,7,0,841,17
842,"2021-06-14 01:46:41","2021-06-14 01:56:03","0",3,"0",3,5682.1,86601.56,38,7,1,842,14
843,"2021-06-14 01:46:41","2021-06-14 01:49:46","0",2,"0",2,5746.2,63607.38,23,8,1,843,11
844,"2021-06-14 01:46:41","2021-06-14 01:50:49","0",0,"0",0,5279.08,121156.79,25,4,0,844,3
845,"2021-06-14 01:46:41","2021-06-14 01:51:59","0",2,"0",2,5464.05,101173.31,28,6,2,845,10
846,"2021-06-14 01:46:41","2021-06-14 01:50:38","1",1,"1",1,5378.46,97909.39,25,6,1,846,5
847,"2021-06-14 01:46:41","2021-06-14 01:49:24","0",4,"0",4,5278.37,81477.03,22,5,1,847,16
848,"2021-06-14 01:46:41","2021-06-14 01:52:46","0",0,"0",0,5091.23,93805.65,30,8,1,848,1
849,"2021-06-14 01:46:41","2021-06-14 01:53:55","1",1,"1",1,5915.61,72830.43,33,11,1,849,5
850,"2021-06-14 01:46:41","2021-06-14 01:50:37","1",1,"1",1,5709.9,73767.57,25,8,2,850,3
851,"2021-06-14 01:46:41","2021-06-14 01:51:48","1",1,"1",1,5793.93,52026.21,28,12,2,851,7
852,"2021-06-14 01:46:41","2021-06-14 01:50:29","0",3,"0",3,6106.97,124542.47,25,8,2,852,13
853,"2021-06-14 01:46:41","2021-06-14 01:52:43","0",4,"0",4,5549.34,103149.1,30,6,2,853,18
854,"2021-06-14 01:46:41","2021-06-14 01:48:22","0",3,"0",3,4847,72080.59,19,8,0,854,13
855,"2021-06-14 01:46:41","2021-06-14 01:55:20","0",2,"0",2,3910.53,129094.67,37,6,1,855,10
856,"2021-06-14 01:46:41","2021-06-14 01:49:29","0",2,"0",2,4511.97,115614.79,22,10,1,856,8
857,"2021-06-14 01:46:41","2021-06-14 01:47:46","0",4,"0",4,4130.05,118559.56,18,8,1,857,17
858,"2021-06-14 01:46:41","2021-06-14 01:49:59","0",0,"0",0,4701.49,94355.74,23,5,0,858,3
859,"2021-06-14 01:46:41","2021-06-14 01:50:59","0",0,"0",0,4474.71,89428.2,26,6,0,859,2
860,"2021-06-14 01:46:41","2021-06-14 01:53:56","0",4,"0",4,4803.31,97548.68,33,13,1,860,16
861,"2021-06-14 01:46:41","2021-06-14 01:52:30","0",2,"0",2,3976.1,110117.27,30,6,2,861,8
862,"2021-06-14 01:46:41","2021-06-14 01:50:58","0",0,"0",0,4377.7,119997.87,26,6,2,862,2
863,"2021-06-14 01:46:41","2021-06-14 01:47:54","0",3,"0",3,5355.59,139736.73,18,4,1,863,12
864,"2021-06-14 01:46:41","2021-06-14 01:48:57","0",2,"0",2,5213.61,87273.24,21,4,2,864,9
865,"2021-06-14 01:46:41","2021-06-14 01:50:21","0",2,"0",2,4595.93,74610.88,24,5,1,865,12
866,"2021-06-14 01:46:41","2021-06-14 01:55:47","1",1,"1",1,6012.82,102521.47,38,4,0,866,6
867,"2021-06-14 01:46:41","2021-06-14 01:46:58","1",1,"1",1,3358.87,175552.6,16,4,1,867,4
868,"2021-06-14 01:46:41","2021-06-14 01:52:57","0",0,"0",0,5482.76,89284.6,31,7,1,868,3
869,"2021-06-14 01:46:41","2021-06-14 01:49:38","0",2,"0",2,6569.83,128642.03,22,6,0,869,10
870,"2021-06-14 01:46:41","2021-06-14 01:54:01","0",2,"0",2,4592.15,93922.54,33,5,0,870,10
871,"2021-06-14 01:46:41","2021-06-14 01:48:24","1",1,"1",1,5387.58,88036.42,19,11,1,871,3
872,"2021-06-14 01:46:41","2021-06-14 01:50:58","1",1,"1",1,4441.71,82239.57,26,16,2,872,4
873,"2021-06-14 01:46:41","2021-06-14 01:48:29","0",3,"0",3,4977.98,94718.88,20,7,2,873,14
874,"2021-06-14 01:46:41","2021-06-14 01:52:29","0",2,"0",2,5815.6,141044.61,30,2,2,874,10
875,"2021-06-14 01:46:41","2021-06-14 01:53:39","0",3,"0",3,4085.99,107546.17,32,7,1,875,16
876,"2021-06-14 01:46:41","2021-06-14 01:54:35","0",3,"0",3,4445.18,112183.23,35,7,1,876,12
877,"2021-06-14 01:46:41","2021-06-14 01:52:17","0",0,"0",0,5532.22,120968.39,29,4,0,877,1
878,"2021-06-14 01:46:41","2021-06-14 01:54:22","0",3,"0",3,5415.71,151793.54,34,6,1,878,13
879,"2021-06-14 01:46:41","2021-06-14 01:53:11","0",4,"0",4,5806.86,119390.47,31,7,2,879,16
880,"2021-06-14 01:46:41","2021-06-14 01:50:25","0",3,"0",3,6252.75,64322.22,24,5,1,880,12
881,"2021-06-14 01:46:41","2021-06-14 01:51:38","0",0,"0",0,5769.85,74162.22,27,5,1,881,3
882,"2021-06-14 01:46:41","2021-06-14 01:48:44","0",4,"0",4,3922.37,60263.62,20,6,1,882,17
883,"2021-06-14 01:46:41","2021-06-14 01:50:19","0",3,"0",3,5153.78,28786.33,24,5,2,883,12
884,"2021-06-14 01:46:41","2021-06-14 01:53:08","1",1,"1",1,4600.91,132268.35,31,11,0,884,4
885,"2021-06-14 01:46:41","2021-06-14 01:51:46","0",3,"0",3,4994.14,87656.9,28,12,1,885,14
886,"2021-06-14 01:46:41","2021-06-14 01:51:36","0",4,"0",4,5917.36,109874.27,27,11,1,886,17
887,"2021-06-14 01:46:41","2021-06-14 01:48:36","0",2,"0",2,5276.16,129540.45,20,7,2,887,8
888,"2021-06-14 01:46:41","2021-06-14 01:49:28","1",1,"1",1,5155.19,87204.18,22,4,2,888,6
889,"2021-06-14 01:46:41","2021-06-14 01:49:09","1",1,"1",1,4879.89,96625.81,21,2,1,889,5
890,"2021-06-14 01:46:41","2021-06-14 01:51:28","1",1,"1",1,5397.02,108756.4,27,11,1,890,5
891,"2021-06-14 01:46:41","2021-06-14 01:48:42","0",2,"0",2,3821.37,105646.98,20,11,1,891,11
892,"2021-06-14 01:46:41","2021-06-14 01:51:48","0",3,"0",3,4578.45,80642.12,28,6,1,892,14
893,"2021-06-14 01:46:41","2021-06-14 01:48:27","0",3,"0",3,6616.58,118270.39,19,11,2,893,12
894,"2021-06-14 01:46:41","2021-06-14 01:54:20","0",2,"0",2,5616.12,113640.89,34,5,1,894,10
895,"2021-06-14 01:46:41","2021-06-14 01:51:36","0",3,"0",3,4038.21,92788.77,27,7,2,895,15
896,"2021-06-14 01:46:41","2021-06-14 01:49:17","0",3,"0",3,3771.44,69440.48,21,5,1,896,14
897,"2021-06-14 01:46:41","2021-06-14 01:51:10","0",0,"0",0,4040.67,115833.34,26,4,1,897,1
898,"2021-06-14 01:46:41","2021-06-14 01:49:59","0",2,"0",2,5580.16,135687.99,23,21,2,898,7
899,"2021-06-14 01:46:41","2021-06-14 01:51:26","0",0,"0",0,5433.16,134512.94,27,7,1,899,2
900,"2021-06-14 01:46:41","2021-06-14 01:51:10","0",3,"0",3,4431.42,121815.86,26,16,2,900,15
901,"2021-06-14 01:46:41","2021-06-14 01:48:39","0",4,"0",4,4631.32,87921.62,20,6,2,901,17
902,"2021-06-14 01:46:41","2021-06-14 01:49:06","0",2,"0",2,5978.23,86716.33,21,8,0,902,10
903,"2021-06-14 01:46:41","2021-06-14 01:51:17","0",3,"0",3,4692.93,85307.88,26,4,1,903,15
904,"2021-06-14 01:46:41","2021-06-14 01:53:58","0",2,"0",2,4941.59,89707.55,33,15,1,904,11
905,"2021-06-14 01:46:41","2021-06-14 01:52:51","0",3,"0",3,5352.53,117729.64,30,8,1,905,12
906,"2021-06-14 01:46:41","2021-06-14 01:49:26","0",2,"0",2,4817.67,106409.92,22,3,0,906,10
907,"2021-06-14 01:46:41","2021-06-14 01:52:20","0",3,"0",3,4264.97,53590.99,29,9,0,907,14
908,"2021-06-14 01:46:41","2021-06-14 01:50:35","0",4,"0",4,4587.06,53485.31,25,14,1,908,16
909,"2021-06-14 01:46:41","2021-06-14 01:51:17","0",3,"0",3,3919,99429.15,27,9,1,909,15
910,"2021-06-14 01:46:41","2021-06-14 01:51:12","0",0,"0",0,5469.31,103748.47,26,6,1,910,2
911,"2021-06-14 01:46:41","2021-06-14 01:55:50","0",0,"0",0,6332.04,42313.14,38,3,2,911,1
912,"2021-06-14 01:46:41","2021-06-14 01:48:19","0",0,"0",0,5244.26,79588.82,19,6,2,912,2
913,"2021-06-14 01:46:41","2021-06-14 01:50:53","0",3,"0",3,5812.73,100689.03,26,9,0,913,16
914,"2021-06-14 01:46:41","2021-06-14 01:47:07","0",2,"0",2,4348.86,136544.65,16,7,0,914,11
915,"2021-06-14 01:46:41","2021-06-14 01:51:52","1",1,"1",1,4859.69,49678.28,28,6,2,915,6
916,"2021-06-14 01:46:41","2021-06-14 01:52:53","0",4,"0",4,4863.89,68613.89,30,5,0,916,17
917,"2021-06-14 01:46:41","2021-06-14 01:53:34","0",2,"0",2,3569.36,72992.33,32,9,1,917,11
918,"2021-06-14 01:46:41","2021-06-14 01:46:50","0",2,"0",2,5088.89,104384.9,15,10,1,918,10
919,"2021-06-14 01:46:41","2021-06-14 01:51:31","0",2,"0",2,5479.24,108270.98,27,7,2,919,8
920,"2021-06-14 01:46:41","2021-06-14 01:53:52","1",1,"1",1,5683.41,91982.77,33,5,0,920,6
921,"2021-06-14 01:46:41","2021-06-14 01:49:51","0",3,"0",3,6315.65,59691.78,23,9,2,921,15
922,"2021-06-14 01:46:41","2021-06-14 01:50:16","0",0,"0",0,3527.35,84236.19,24,4,2,922,2
923,"2021-06-14 01:46:41","2021-06-14 01:50:37","1",1,"1",1,5617.65,85987.85,25,5,1,923,7
924,"2021-06-14 01:46:41","2021-06-14 01:51:25","0",3,"0",3,5717.07,94935.47,27,7,1,924,16
925,"2021-06-14 01:46:41","2021-06-14 01:52:01","0",3,"0",3,4789.97,140572.13,28,5,1,925,13
926,"2021-06-14 01:46:41","2021-06-14 01:53:19","0",3,"0",3,5602.46,83080.74,32,5,0,926,13
927,"2021-06-14 01:46:41","2021-06-14 01:50:30","1",1,"1",1,3585.47,101906.61,25,7,2,927,7
928,"2021-06-14 01:46:41","2021-06-14 01:51:05","0",2,"0",2,5214.39,82365.04,26,10,1,928,10
929,"2021-06-14 01:46:41","2021-06-14 01:55:40","1",1,"1",1,1870.91,68994.3,37,5,1,929,3
930,"2021-06-14 01:46:41","2021-06-14 01:51:33","0",3,"0",3,5312.06,115898.7,27,6,2,930,14
931,"2021-06-14 01:46:41","2021-06-14 01:51:04","0",4,"0",4,6601.56,73734.28,26,12,1,931,16
932,"2021-06-14 01:46:41","2021-06-14 01:48:00","1",1,"1",1,6541.99,168380.23,18,7,2,932,4
933,"2021-06-14 01:46:41","2021-06-14 01:50:41","0",3,"0",3,2340.33,102314.07,25,6,0,933,14
934,"2021-06-14 01:46:41","2021-06-14 01:50:14","0",2,"0",2,5535.03,101506.34,24,7,2,934,11
935,"2021-06-14 01:46:41","2021-06-14 01:50:40","0",4,"0",4,4650.28,98336.37,25,12,2,935,17
936,"2021-06-14 01:46:41","2021-06-14 01:49:32","1",1,"1",1,4974.99,146091.14,22,3,1,936,4
937,"2021-06-14 01:46:41","2021-06-14 01:49:19","0",2,"0",2,2783.87,116598.18,22,10,2,937,10
938,"2021-06-14 01:46:41","2021-06-14 01:49:15","0",3,"0",3,5385.04,93725.23,21,8,1,938,16
939,"2021-06-14 01:46:41","2021-06-14 01:50:15","0",3,"0",3,4473.28,70845.25,24,7,0,939,16
940,"2021-06-14 01:46:41","2021-06-14 01:53:25","0",0,"0",0,5373.89,74031.81,32,7,1,940,1
941,"2021-06-14 01:46:41","2021-06-14 01:52:47","0",4,"0",4,4808.78,80375.27,30,5,1,941,18
942,"2021-06-14 01:46:41","2021-06-14 01:49:58","0",2,"0",2,3974.56,130373.71,23,4,2,942,9
943,"2021-06-14 01:46:41","2021-06-14 01:47:19","0",2,"0",2,5333.2,95275.46,17,4,0,943,8
944,"2021-06-14 01:46:41","2021-06-14 01:49:00","0",2,"0",2,5595.07,81070.03,21,5,0,944,8
945,"2021-06-14 01:46:41","2021-06-14 01:49:46","0",0,"0",0,5054.32,119801.49,23,8,1,945,3
946,"2021-06-14 01:46:41","2021-06-14 01:50:53","1",1,"1",1,5567.1,133629.5,26,7,1,946,4
947,"2021-06-14 01:46:41","2021-06-14 01:49:21","0",2,"0",2,4535.99,82636.71,22,8,1,947,8
948,"2021-06-14 01:46:41","2021-06-14 01:54:42","1",1,"1",1,6284.8,88876.69,35,6,1,948,7
949,"2021-06-14 01:46:41","2021-06-14 01:50:08","0",2,"0",2,4642.03,108632.1,24,6,1,949,8
950,"2021-06-14 01:46:41","2021-06-14 01:48:15","1",1,"1",1,4420.35,99878.89,19,10,2,950,6
951,"2021-06-14 01:46:41","2021-06-14 01:50:24","0",2,"0",2,6041.59,110159.16,24,5,2,951,11
952,"2021-06-14 01:46:41","2021-06-14 01:48:40","1",1,"1",1,6114.88,142854.96,20,4,2,952,4
953,"2021-06-14 01:46:41","2021-06-14 01:51:00","0",4,"0",4,5680.66,98490.34,26,6,0,953,17
954,"2021-06-14 01:46:41","2021-06-14 01:51:09","0",0,"0",0,5220.51,92982.44,26,6,0,954,2
955,"2021-06-14 01:46:41","2021-06-14 01:51:24","1",1,"1",1,6594.89,112135.36,27,5,1,955,7
956,"2021-06-14 01:46:41","2021-06-14 01:47:26","0",4,"0",4,3989.36,98766.39,17,10,0,956,17
957,"2021-06-14 01:46:41","2021-06-14 01:51:07","0",3,"0",3,6137.77,115694.13,26,7,2,957,12
958,"2021-06-14 01:46:41","2021-06-14 01:51:18","0",0,"0",0,6714.39,94400.72,27,8,1,958,2
959,"2021-06-14 01:46:41","2021-06-14 01:47:50","0",2,"0",2,5054.61,111088.07,18,13,1,959,8
960,"2021-06-14 01:46:41","2021-06-14 01:52:36","0",2,"0",2,5585.72,60906.48,30,7,1,960,8
961,"2021-06-14 01:46:41","2021-06-14 01:52:15","0",2,"0",2,5609.7,100347.59,29,2,0,961,10
962,"2021-06-14 01:46:41","2021-06-14 01:55:17","0",2,"0",2,6193.58,87094.6,36,5,0,962,9
963,"2021-06-14 01:46:41","2021-06-14 01:51:00","0",2,"0",2,4141.19,70236.44,26,9,1,963,12
964,"2021-06-14 01:46:41","2021-06-14 01:50:47","1",1,"1",1,5895.71,89673.27,25,5,1,964,3
965,"2021-06-14 01:46:41","2021-06-14 01:50:53","0",4,"0",4,3291.05,109299.87,25,7,2,965,16
966,"2021-06-14 01:46:41","2021-06-14 01:50:49","0",2,"0",2,7076.9,102308.57,25,10,0,966,11
967,"2021-06-14 01:46:41","2021-06-14 01:46:59","0",2,"0",2,4428.66,117337.09,16,7,1,967,10
968,"2021-06-14 01:46:41","2021-06-14 01:47:20","0",0,"0",0,4683.81,123522.48,17,11,2,968,3
969,"2021-06-14 01:46:41","2021-06-14 01:50:32","0",3,"0",3,5258.89,120711.6,25,5,0,969,14
970,"2021-06-14 01:46:41","2021-06-14 01:49:31","0",2,"0",2,3749.69,91887.77,22,14,0,970,9
971,"2021-06-14 01:46:41","2021-06-14 01:50:48","0",3,"0",3,4737.11,66796.1,25,7,1,971,14
972,"2021-06-14 01:46:41","2021-06-14 01:46:28","0",0,"0",0,5061.49,92991.63,14,3,1,972,2
973,"2021-06-14 01:46:41","2021-06-14 01:47:41","0",3,"0",3,4660.03,129241.39,18,6,0,973,15
974,"2021-06-14 01:46:41","2021-06-14 01:48:29","1",1,"1",1,7026.29,96963.09,19,6,1,974,6
975,"2021-06-14 01:46:41","2021-06-14 01:52:39","1",1,"1",1,3213.24,59067.71,30,6,0,975,6
976,"2021-06-14 01:46:41","2021-06-14 01:48:29","0",3,"0",3,4894.61,112284.58,20,8,2,976,12
977,"2021-06-14 01:46:41","2021-06-14 01:49:05","0",4,"0",4,6178.85,107045.48,21,12,2,977,17
978,"2021-06-14 01:46:41","2021-06-14 01:50:51","0",0,"0",0,4163.84,89984.92,25,7,1,978,1
979,"2021-06-14 01:46:41","2021-06-14 01:50:02","1",1,"1",1,4861.05,104334.04,23,5,1,979,7
980,"2021-06-14 01:46:41","2021-06-14 01:50:59","0",2,"0",2,6943.28,134234.69,26,8,0,980,8
981,"2021-06-14 01:46:41","2021-06-14 01:55:18","0",2,"0",2,3132.65,132479.9,37,15,0,981,9
982,"2021-06-14 01:46:41","2021-06-14 01:48:26","0",3,"0",3,4196.4,88592.58,19,11,2,982,13
983,"2021-06-14 01:46:41","2021-06-14 01:50:04","0",4,"0",4,3801.59,100266.62,23,5,1,983,17
984,"2021-06-14 01:46:41","2021-06-14 01:49:39","0",3,"0",3,5629.52,63647.77,22,7,2,984,12
985,"2021-06-14 01:46:41","2021-06-14 01:53:42","0",4,"0",4,4133.87,81806.17,33,10,0,985,16
986,"2021-06-14 01:46:41","2021-06-14 01:49:09","0",3,"0",3,5467.81,150206.01,21,8,0,986,14
987,"2021-06-14 01:46:41","2021-06-14 01:50:31","1",1,"1",1,4354.19,137450.24,25,3,1,987,3
988,"2021-06-14 01:46:41","2021-06-14 01:52:15","1",1,"1",1,4847.47,94268.63,29,8,1,988,4
989,"2021-06-14 01:46:41","2021-06-14 01:48:34","1",1,"1",1,5856.21,82688.37,20,7,1,989,4
990,"2021-06-14 01:46:41","2021-06-14 01:54:00","0",2,"0",2,5137,65834.42,33,14,1,990,8
991,"2021-06-14 01:46:41","2021-06-14 01:52:02","0",0,"0",0,3059.29,153151.3,28,6,0,991,2
992,"2021-06-14 01:46:41","2021-06-14 01:48:32","1",1,"1",1,4464.11,102865.74,20,8,1,992,5
993,"2021-06-14 01:46:41","2021-06-14 01:51:36","0",2,"0",2,5713.6,85151.28,27,4,2,993,11
994,"2021-06-14 01:46:41","2021-06-14 01:50:15","0",2,"0",2,6860.15,126951.68,24,10,1,994,8
995,"2021-06-14 01:46:41","2021-06-14 01:51:19","0",2,"0",2,3885.17,72510.35,27,7,2,995,11
996,"2021-06-14 01:46:41","2021-06-14 01:50:30","0",3,"0",3,4771.38,118164.1,25,11,0,996,15
997,"2021-06-14 01:46:41","2021-06-14 01:52:49","0",3,"0",3,4918.41,136021.76,30,5,0,997,12
998,"2021-06-14 01:46:41","2021-06-14 01:47:59","0",2,"0",2,4267.43,94745.75,18,7,2,998,8
999,"2021-06-14 01:46:41","2021-06-14 01:49:38","0",3,"0",3,3617.37,136282.02,22,3,2,999,13
1000,"2021-06-14 01:46:41","2021-06-14 01:50:11","0",0,"0",0,6838.8,116038.79,24,5,1,1000,3
